campaign_family,ad_group_theme,seed_keyword,keyword_candidate,source,normalized_keyword,intent_score,local_intent_score,commercial_intent_score,relevance_score,negative_risk_score,recommended_match_type,status_recommendation,notes
Diagnostics & VOR,Standard Diagnosis,van diagnostics near me,Auto Mobile | mobile mechanic | Sittingbourne,organic_title,auto mobile mobile mechanic sittingbourne,24,25,24,10,0,phrase,review,Ambiguous relevance or commercial intent; review before adding.
Diagnostics & VOR,Standard Diagnosis,mercedes diagnostics near me,Best mercedes diagnostics near me,related_searches,best mercedes diagnostics near me,40,25,48,90,0,phrase,include,Good relevance and commercial intent; low risk.
Diagnostics & VOR,Standard Diagnosis,van diagnostics near me,Best van diagnostics near me,related_searches,best van diagnostics near me,40,25,48,90,0,phrase,include,Good relevance and commercial intent; low risk.
Diagnostics & VOR,Standard Diagnosis,mobile mercedes diagnostics,Book a Car Diagnostic for your Mercedes,organic_title,book a car diagnostic for your mercedes,16,0,24,35,0,phrase,review,Ambiguous relevance or commercial intent; review before adding.
Diagnostics & VOR,Standard Diagnosis,van diagnostics near me,Book a Car Diagnostic in Maidstone,organic_title,book a car diagnostic in maidstone,17,25,12,10,0,phrase,review,Ambiguous relevance or commercial intent; review before adding.
Diagnostics & VOR,Standard Diagnosis,van diagnostics near me,Can Halfords do a diagnostic check?,paa,can halfords do a diagnostic check,16,0,24,20,0,phrase,review,PAA / related question; review or use as negative/FAQ only.
Diagnostics & VOR,Standard Diagnosis,van diagnostics near me,Canterbury Mobile Mechanics & Garages,organic_title,canterbury mobile mechanics garages,32,25,36,10,0,phrase,review,Ambiguous relevance or commercial intent; review before adding.
Diagnostics & VOR,Standard Diagnosis,van diagnostics near me,cheap vehicle diagnostics near me,autocomplete,cheap vehicle diagnostics near me,32,25,36,65,18,phrase,review,Elevated risk or weak fit; manual review suggested.
Diagnostics & VOR,Standard Diagnosis,van diagnostics near me,Cheapest van diagnostics near me,related_searches,cheapest van diagnostics near me,40,25,48,90,36,phrase,review,Elevated risk or weak fit; manual review suggested.
Diagnostics & VOR,Standard Diagnosis,van diagnostics near me,cheapest vehicle diagnostics near me,autocomplete,cheapest vehicle diagnostics near me,32,25,36,65,36,phrase,review,Elevated risk or weak fit; manual review suggested.
Diagnostics & VOR,Standard Diagnosis,mercedes diagnostics near me,check engine light diagnostics near me,autocomplete,check engine light diagnostics near me,40,25,48,95,0,phrase,include,Good relevance and commercial intent; low risk.
Diagnostics & VOR,Standard Diagnosis,mobile mercedes diagnostics,Do mobile mechanics charge a call out fee?,paa,do mobile mechanics charge a call out fee,24,25,24,25,0,phrase,review,PAA / related question; review or use as negative/FAQ only.
Diagnostics & VOR,Standard Diagnosis,van diagnostics near me,"Expert car diagnostics in Ashford, Kent",organic_title,expert car diagnostics in ashford kent,24,25,24,35,0,phrase,review,Ambiguous relevance or commercial intent; review before adding.
Diagnostics & VOR,Standard Diagnosis,van diagnostics near me,Free van diagnostics near me,related_searches,free van diagnostics near me,40,25,48,90,53,negative,exclude_negative,High negative-risk score or policy/junk signals.
Diagnostics & VOR,Standard Diagnosis,van diagnostics near me,free vehicle diagnostics near me,autocomplete,free vehicle diagnostics near me,32,25,36,65,53,negative,exclude_negative,High negative-risk score or policy/junk signals.
Diagnostics & VOR,Standard Diagnosis,mobile mercedes diagnostics,how much do mercedes charge for a diagnostic test,autocomplete,how much do mercedes charge for a diagnostic test,16,0,24,35,67,negative,exclude_negative,High negative-risk score or policy/junk signals.
Diagnostics & VOR,Standard Diagnosis,mobile mercedes diagnostics,How much does it cost to diagnose a Mercedes?,paa,how much does it cost to diagnose a mercedes,8,0,12,25,67,negative,exclude_negative,High negative-risk score or policy/junk signals.
Diagnostics & VOR,Standard Diagnosis,van diagnostics near me,How much does it cost to run a diagnostic test?,paa,how much does it cost to run a diagnostic test,8,0,12,10,67,negative,exclude_negative,High negative-risk score or policy/junk signals.
Diagnostics & VOR,Standard Diagnosis,mobile mercedes diagnostics,How much does Mercedes charge for a diagnostic test?,paa,how much does mercedes charge for a diagnostic test,16,0,24,35,67,negative,exclude_negative,High negative-risk score or policy/junk signals.
Diagnostics & VOR,Standard Diagnosis,van diagnostics near me,How much is a diagnostic at Kwik Fit?,paa,how much is a diagnostic at kwik fit,8,0,12,10,67,negative,exclude_negative,High negative-risk score or policy/junk signals.
Diagnostics & VOR,Standard Diagnosis,van diagnostics near me,How much is a diagnostic on a van?,paa,how much is a diagnostic on a van,16,0,24,35,67,negative,exclude_negative,High negative-risk score or policy/junk signals.
Diagnostics & VOR,Standard Diagnosis,mercedes diagnostics near me,Is Halfords Mercedes approved?,paa,is halfords mercedes approved,8,0,12,25,0,phrase,review,PAA / related question; review or use as negative/FAQ only.
Diagnostics & VOR,Standard Diagnosis,mobile mercedes diagnostics,Mercanix mobile Mercedes-Benz specialists - 01344 851586,organic_title,mercanix mobile mercedes-benz specialists - 01344 851586,32,25,36,35,0,phrase,review,Ambiguous relevance or commercial intent; review before adding.
Diagnostics & VOR,Standard Diagnosis,mobile mercedes diagnostics,Mercedes and Smart Diagnostics,organic_title,mercedes and smart diagnostics,23,0,36,60,0,phrase,review,Ambiguous relevance or commercial intent; review before adding.
Diagnostics & VOR,Standard Diagnosis,mercedes diagnostics near me,Mercedes Ashford,organic_title,mercedes ashford,8,0,12,25,0,phrase,review,Ambiguous relevance or commercial intent; review before adding.
Diagnostics & VOR,Standard Diagnosis,mercedes diagnostics near me,mercedes benz diagnostics near me,autocomplete,mercedes benz diagnostics near me,40,25,48,90,0,phrase,include,Good relevance and commercial intent; low risk.
Diagnostics & VOR,Standard Diagnosis,mercedes diagnostics near me,mercedes diagnostic centre near me,autocomplete,mercedes diagnostic centre near me,32,25,36,65,0,phrase,review,Ambiguous relevance or commercial intent; review before adding.
Diagnostics & VOR,Standard Diagnosis,mobile mercedes diagnostics,Mercedes diagnostic check cost,related_searches,mercedes diagnostic check cost,23,0,36,45,0,phrase,review,Ambiguous relevance or commercial intent; review before adding.
Diagnostics & VOR,Standard Diagnosis,mercedes diagnostics near me,mercedes diagnostic check near me,autocomplete,mercedes diagnostic check near me,40,25,48,75,0,phrase,include,Good relevance and commercial intent; low risk.
Diagnostics & VOR,Standard Diagnosis,mercedes diagnostics near me,mercedes diagnostic cost near me,autocomplete,mercedes diagnostic cost near me,32,25,36,65,0,phrase,review,Ambiguous relevance or commercial intent; review before adding.
Diagnostics & VOR,Standard Diagnosis,mobile mercedes diagnostics,Mercedes diagnostic cost UK,related_searches,mercedes diagnostic cost uk,16,0,24,35,0,phrase,review,Ambiguous relevance or commercial intent; review before adding.
Diagnostics & VOR,Standard Diagnosis,mercedes diagnostics near me,mercedes diagnostic service near me,autocomplete,mercedes diagnostic service near me,40,25,48,65,0,phrase,include,Good relevance and commercial intent; low risk.
Diagnostics & VOR,Standard Diagnosis,mercedes diagnostics near me,mercedes diagnostic test near me,autocomplete,mercedes diagnostic test near me,32,25,36,65,0,phrase,review,Ambiguous relevance or commercial intent; review before adding.
Diagnostics & VOR,Standard Diagnosis,mercedes diagnostics near me,mercedes diagnostics and repair centre,autocomplete,mercedes diagnostics and repair centre,31,0,48,60,0,phrase,include,Good relevance and commercial intent; low risk.
Diagnostics & VOR,Standard Diagnosis,mobile mercedes diagnostics,Mercedes diagnostics in Kent,organic_title,mercedes diagnostics in kent,32,25,36,60,0,phrase,review,Ambiguous relevance or commercial intent; review before adding.
Diagnostics & VOR,Standard Diagnosis,mercedes diagnostics near me,mercedes diagnostics near maidstone,related_searches,mercedes diagnostics near maidstone,32,25,36,75,0,phrase,review,Ambiguous relevance or commercial intent; review before adding.
Diagnostics & VOR,Standard Diagnosis,mercedes diagnostics near me,mercedes diagnostics near me,seed,mercedes diagnostics near me,40,25,48,90,0,phrase,include,Good relevance and commercial intent; low risk.
Diagnostics & VOR,Standard Diagnosis,mercedes diagnostics near me,Mercedes diagnostics near me prices,related_searches,mercedes diagnostics near me prices,40,25,48,90,0,phrase,include,Good relevance and commercial intent; low risk.
Diagnostics & VOR,Standard Diagnosis,mercedes diagnostics near me,Mercedes independent specialist near me,related_searches,mercedes independent specialist near me,32,25,36,55,0,phrase,review,Ambiguous relevance or commercial intent; review before adding.
Diagnostics & VOR,Standard Diagnosis,mercedes diagnostics near me,mercedes mobile diagnostics near me,autocomplete,mercedes mobile diagnostics near me,56,50,60,100,0,exact,include,Good relevance and commercial intent; low risk.
Diagnostics & VOR,Standard Diagnosis,mercedes diagnostics near me,Mercedes specialist gravesend,related_searches,mercedes specialist gravesend,24,25,24,25,0,phrase,review,Ambiguous relevance or commercial intent; review before adding.
Diagnostics & VOR,Standard Diagnosis,mercedes diagnostics near me,Mercedes specialist Kent,related_searches,mercedes specialist kent,24,25,24,25,0,phrase,review,Ambiguous relevance or commercial intent; review before adding.
Diagnostics & VOR,Standard Diagnosis,mercedes diagnostics near me,mercedes star diagnostics near me,autocomplete,mercedes star diagnostics near me,40,25,48,90,0,phrase,include,Good relevance and commercial intent; low risk.
Diagnostics & VOR,Standard Diagnosis,mercedes diagnostics near me,Mercedes-Benz Authorised Repairer near me,related_searches,mercedes-benz authorised repairer near me,32,25,36,40,0,phrase,review,Ambiguous relevance or commercial intent; review before adding.
Diagnostics & VOR,Standard Diagnosis,mobile mercedes diagnostics,mobile engine diagnostics near me,autocomplete,mobile engine diagnostics near me,49,50,48,70,0,phrase,include,Good relevance and commercial intent; low risk.
Diagnostics & VOR,Standard Diagnosis,van diagnostics near me,Mobile Mechanic Maidstone Kent,organic_title,mobile mechanic maidstone kent,42,75,24,10,0,phrase,review,Ambiguous relevance or commercial intent; review before adding.
Diagnostics & VOR,Standard Diagnosis,van diagnostics near me,Mobile mechanic near me,related_searches,mobile mechanic near me,41,50,36,40,0,phrase,review,Ambiguous relevance or commercial intent; review before adding.
Diagnostics & VOR,Standard Diagnosis,mobile mercedes diagnostics,mobile mercedes diagnostics,seed,mobile mercedes diagnostics,40,25,48,85,0,phrase,include,Good relevance and commercial intent; low risk.
Diagnostics & VOR,Standard Diagnosis,mobile mercedes diagnostics,Mobile mercedes diagnostics cost,related_searches,mobile mercedes diagnostics cost,40,25,48,85,0,phrase,include,Good relevance and commercial intent; low risk.
Diagnostics & VOR,Standard Diagnosis,mobile mercedes diagnostics,Mobile mercedes diagnostics london,related_searches,mobile mercedes diagnostics london,49,50,48,85,0,phrase,include,Good relevance and commercial intent; low risk.
Diagnostics & VOR,Standard Diagnosis,mercedes diagnostics near me,Mobile mercedes diagnostics near me,autocomplete;related_searches,mobile mercedes diagnostics near me,56,50,60,100,0,exact,include,Good relevance and commercial intent; low risk.
Diagnostics & VOR,Standard Diagnosis,mobile mercedes diagnostics,Mobile mercedes diagnostics prices,related_searches,mobile mercedes diagnostics prices,40,25,48,85,0,phrase,include,Good relevance and commercial intent; low risk.
Diagnostics & VOR,Standard Diagnosis,mobile mercedes diagnostics,Mobile Mercedes mechanic reviews,related_searches,mobile mercedes mechanic reviews,32,25,36,50,36,phrase,review,Elevated risk or weak fit; manual review suggested.
Diagnostics & VOR,Standard Diagnosis,mobile mercedes diagnostics,Mobile Mercedes Mechanic Reviews 116,organic_title,mobile mercedes mechanic reviews 116,32,25,36,50,36,phrase,review,Elevated risk or weak fit; manual review suggested.
Diagnostics & VOR,Standard Diagnosis,mobile mercedes diagnostics,mobile mercedes star diagnostic,autocomplete,mobile mercedes star diagnostic,32,25,36,60,0,phrase,review,Ambiguous relevance or commercial intent; review before adding.
Diagnostics & VOR,Standard Diagnosis,mobile mercedes diagnostics,Mobile Technician,organic_title,mobile technician,17,25,12,25,0,phrase,review,Ambiguous relevance or commercial intent; review before adding.
Diagnostics & VOR,Standard Diagnosis,van diagnostics near me,mobile van diagnostics near me,autocomplete;related_searches,mobile van diagnostics near me,56,50,60,100,0,exact,include,Good relevance and commercial intent; low risk.
Diagnostics & VOR,Standard Diagnosis,mobile mercedes diagnostics,Mobile Van Service | Mobile Workshop,organic_title,mobile van service mobile workshop,32,25,36,35,0,phrase,review,Ambiguous relevance or commercial intent; review before adding.
Diagnostics & VOR,Standard Diagnosis,van diagnostics near me,mobile vehicle diagnostics near me,autocomplete,mobile vehicle diagnostics near me,49,50,48,75,0,phrase,include,Good relevance and commercial intent; low risk.
Diagnostics & VOR,Standard Diagnosis,mobile mercedes diagnostics,Paul mobile Mercedes mechanic,related_searches,paul mobile mercedes mechanic,32,25,36,50,0,phrase,review,Ambiguous relevance or commercial intent; review before adding.
Diagnostics & VOR,Standard Diagnosis,mercedes diagnostics near me,Service and Repair,organic_title,service and repair,16,0,24,0,0,phrase,review,Ambiguous relevance or commercial intent; review before adding.
Diagnostics & VOR,Standard Diagnosis,van diagnostics near me,van diagnostics near kent,related_searches,van diagnostics near kent,32,25,36,75,0,phrase,review,Ambiguous relevance or commercial intent; review before adding.
Diagnostics & VOR,Standard Diagnosis,van diagnostics near me,van diagnostics near me,seed,van diagnostics near me,40,25,48,90,0,phrase,include,Good relevance and commercial intent; low risk.
Diagnostics & VOR,Standard Diagnosis,van diagnostics near me,Van diagnostics near me open now,related_searches,van diagnostics near me open now,40,25,48,90,35,negative,exclude_negative,Matched risk phrase: 'open now'.
Diagnostics & VOR,Standard Diagnosis,van diagnostics near me,Van diagnostics near me prices,related_searches,van diagnostics near me prices,40,25,48,90,0,phrase,include,Good relevance and commercial intent; low risk.
Diagnostics & VOR,Standard Diagnosis,van diagnostics near me,vehicle diagnostics near me,autocomplete,vehicle diagnostics near me,32,25,36,65,0,phrase,review,Ambiguous relevance or commercial intent; review before adding.
Diagnostics & VOR,Standard Diagnosis,van diagnostics near me,vehicle diagnostics near me open now,autocomplete,vehicle diagnostics near me open now,32,25,36,65,35,negative,exclude_negative,Matched risk phrase: 'open now'.
Diagnostics & VOR,Standard Diagnosis,van diagnostics near me,vehicle diagnostics near me prices,autocomplete,vehicle diagnostics near me prices,32,25,36,65,0,phrase,review,Ambiguous relevance or commercial intent; review before adding.
Diagnostics & VOR,Standard Diagnosis,van diagnostics near me,vehicle diagnostics near me within 5 mi,autocomplete,vehicle diagnostics near me within 5 mi,32,25,36,65,0,phrase,review,Ambiguous relevance or commercial intent; review before adding.
Diagnostics & VOR,Standard Diagnosis,van diagnostics near me,vehicle electrical diagnostics near me,autocomplete,vehicle electrical diagnostics near me,32,25,36,65,0,phrase,review,Ambiguous relevance or commercial intent; review before adding.
Diagnostics & VOR,Standard Diagnosis,mobile mercedes diagnostics,what causes mercedes check engine light,autocomplete,what causes mercedes check engine light,16,0,24,55,32,phrase,review,Elevated risk or weak fit; manual review suggested.
Diagnostics & VOR,Standard Diagnosis,mobile mercedes diagnostics,Why are Mercedes diagnostics so expensive?,paa,why are mercedes diagnostics so expensive,23,0,36,60,67,negative,exclude_negative,High negative-risk score or policy/junk signals.
Mercedes Van Servicing,Sprinter Servicing,mobile sprinter service,24 hour mobile sprinter service,related_searches,24 hour mobile sprinter service,32,25,36,75,0,phrase,review,Ambiguous relevance or commercial intent; review before adding.
Mercedes Van Servicing,Sprinter Servicing,sprinter service near me,dodge sprinter service near me,autocomplete,dodge sprinter service near me,32,25,36,90,18,phrase,review,Elevated risk or weak fit; manual review suggested.
Mercedes Van Servicing,Mercedes Van Servicing,sprinter service near me,expert mercedes-benz servicing & repairs in kent,organic_title,expert mercedes-benz servicing repairs in kent,32,25,36,20,0,phrase,review,Ambiguous relevance or commercial intent; review before adding.
Mercedes Van Servicing,Sprinter Servicing,sprinter service near me,freightliner sprinter service near me,autocomplete,freightliner sprinter service near me,32,25,36,90,18,phrase,review,Elevated risk or weak fit; manual review suggested.
Mercedes Van Servicing,Mercedes Van Servicing,mobile sprinter service,How much do RAC mobile mechanics charge?,paa,how much do rac mobile mechanics charge,24,25,24,25,67,negative,exclude_negative,High negative-risk score or policy/junk signals.
Mercedes Van Servicing,Sprinter Servicing,mercedes sprinter service,How much does it cost to service a Mercedes Sprinter?,autocomplete;paa,how much does it cost to service a mercedes sprinter,23,0,36,75,67,negative,exclude_negative,High negative-risk score or policy/junk signals.
Mercedes Van Servicing,Sprinter Servicing,sprinter service near me,How much is a Mercedes Sprinter service?,paa,how much is a mercedes sprinter service,23,0,36,60,67,negative,exclude_negative,High negative-risk score or policy/junk signals.
Mercedes Van Servicing,Sprinter Servicing,mercedes sprinter service,How much is a service on a Mercedes Sprinter?,paa,how much is a service on a mercedes sprinter,23,0,36,75,67,negative,exclude_negative,High negative-risk score or policy/junk signals.
Mercedes Van Servicing,Sprinter Servicing,mercedes sprinter service,How often should a Mercedes Sprinter van be serviced?,paa,how often should a mercedes sprinter van be serviced,31,0,48,70,67,negative,exclude_negative,High negative-risk score or policy/junk signals.
Mercedes Van Servicing,Mercedes Van Servicing,mobile sprinter service,Is it cheaper to use a mobile mechanic?,paa,is it cheaper to use a mobile mechanic,24,25,24,25,100,negative,exclude_negative,High negative-risk score or policy/junk signals.
Mercedes Van Servicing,Mercedes Van Servicing,sprinter service near me,Is service A or B bigger on Mercedes?,paa,is service a or b bigger on mercedes,16,0,24,35,0,phrase,review,PAA / related question; review or use as negative/FAQ only.
Mercedes Van Servicing,Mercedes Van Servicing,mobile sprinter service,Maidstone Mobile Mechanics & Garages,organic_title,maidstone mobile mechanics garages,41,50,36,25,0,phrase,review,Ambiguous relevance or commercial intent; review before adding.
Mercedes Van Servicing,Mercedes Van Servicing,mobile sprinter service,Mercedes 24 hour breakdown number,related_searches,mercedes 24 hour breakdown number,8,0,12,10,0,phrase,review,Ambiguous relevance or commercial intent; review before adding.
Mercedes Van Servicing,Mercedes Van Servicing,sprinter service near me,Mercedes approved service near me,related_searches,mercedes approved service near me,32,25,36,75,0,phrase,review,Ambiguous relevance or commercial intent; review before adding.
Mercedes Van Servicing,Mercedes Van Servicing,sprinter service near me,Mercedes Ashford,organic_title,mercedes ashford,8,0,12,10,0,phrase,review,Ambiguous relevance or commercial intent; review before adding.
Mercedes Van Servicing,Mercedes Van Servicing,sprinter service near me,Mercedes benz Service Maidstone,related_searches,mercedes benz service maidstone,24,25,24,35,0,phrase,review,Ambiguous relevance or commercial intent; review before adding.
Mercedes Van Servicing,Sprinter Servicing,mercedes sprinter service,Mercedes Benz Sprinter Service,organic_title,mercedes benz sprinter service,23,0,36,75,0,phrase,review,Ambiguous relevance or commercial intent; review before adding.
Mercedes Van Servicing,Mercedes Van Servicing,sprinter service near me,Mercedes garage near me,related_searches,mercedes garage near me,32,25,36,50,0,phrase,review,Ambiguous relevance or commercial intent; review before adding.
Mercedes Van Servicing,Mercedes Van Servicing,mercedes sprinter service,Mercedes service prices UK,related_searches,mercedes service prices uk,16,0,24,50,0,phrase,review,Ambiguous relevance or commercial intent; review before adding.
Mercedes Van Servicing,Mercedes Van Servicing,sprinter service near me,Mercedes Servicing,organic_title,mercedes servicing,16,0,24,20,0,phrase,review,Ambiguous relevance or commercial intent; review before adding.
Mercedes Van Servicing,Mercedes Van Servicing,sprinter service near me,Mercedes servicing Tonbridge,organic_title,mercedes servicing tonbridge,24,25,24,20,0,phrase,review,Ambiguous relevance or commercial intent; review before adding.
Mercedes Van Servicing,Mercedes Van Servicing,sprinter service near me,Mercedes specialist gravesend,related_searches,mercedes specialist gravesend,24,25,24,10,0,phrase,review,Ambiguous relevance or commercial intent; review before adding.
Mercedes Van Servicing,Sprinter Servicing,mobile sprinter service,mercedes sprinter mobile service,autocomplete,mercedes sprinter mobile service,40,25,48,85,0,phrase,include,Good relevance and commercial intent; low risk.
Mercedes Van Servicing,Sprinter Servicing,mercedes sprinter service,mercedes sprinter service,seed,mercedes sprinter service,23,0,36,75,0,phrase,review,Ambiguous relevance or commercial intent; review before adding.
Mercedes Van Servicing,Sprinter Servicing,mercedes sprinter service,mercedes sprinter service a,autocomplete,mercedes sprinter service a,23,0,36,75,0,phrase,review,Ambiguous relevance or commercial intent; review before adding.
Mercedes Van Servicing,Sprinter Servicing,mercedes sprinter service,Mercedes sprinter service a reset,related_searches,mercedes sprinter service a reset,23,0,36,75,0,phrase,review,Ambiguous relevance or commercial intent; review before adding.
Mercedes Van Servicing,Sprinter Servicing,mercedes sprinter service,mercedes sprinter service b,autocomplete,mercedes sprinter service b,23,0,36,75,0,phrase,review,Ambiguous relevance or commercial intent; review before adding.
Mercedes Van Servicing,Sprinter Servicing,mercedes sprinter service,Mercedes Sprinter service B cost,related_searches,mercedes sprinter service b cost,23,0,36,75,0,phrase,review,Ambiguous relevance or commercial intent; review before adding.
Mercedes Van Servicing,Sprinter Servicing,mercedes sprinter service,mercedes sprinter service b reset,autocomplete,mercedes sprinter service b reset,23,0,36,75,0,phrase,review,Ambiguous relevance or commercial intent; review before adding.
Mercedes Van Servicing,Sprinter Servicing,mercedes sprinter service,Mercedes sprinter service cost,related_searches,mercedes sprinter service cost,23,0,36,75,0,phrase,review,Ambiguous relevance or commercial intent; review before adding.
Mercedes Van Servicing,Sprinter Servicing,mercedes sprinter service,Mercedes sprinter service cost uk,related_searches,mercedes sprinter service cost uk,23,0,36,75,0,phrase,review,Ambiguous relevance or commercial intent; review before adding.
Mercedes Van Servicing,Sprinter Servicing,mercedes sprinter service,mercedes sprinter service intervals,autocomplete;related_searches,mercedes sprinter service intervals,23,0,36,75,35,negative,exclude_negative,Matched risk phrase: 'service intervals'.
Mercedes Van Servicing,Sprinter Servicing,mercedes sprinter service,Mercedes Sprinter service intervals uk,related_searches,mercedes sprinter service intervals uk,23,0,36,75,35,negative,exclude_negative,Matched risk phrase: 'service intervals'.
Mercedes Van Servicing,Sprinter Servicing,mercedes sprinter service,mercedes sprinter service kit,autocomplete,mercedes sprinter service kit,23,0,36,75,35,negative,exclude_negative,Matched risk phrase: 'service kit'.
Mercedes Van Servicing,Sprinter Servicing,mercedes sprinter service,mercedes sprinter service light reset,autocomplete,mercedes sprinter service light reset,23,0,36,75,35,negative,exclude_negative,Matched risk phrase: 'light reset'.
Mercedes Van Servicing,Sprinter Servicing,sprinter service near me,mercedes sprinter service near me,autocomplete;related_searches,mercedes sprinter service near me,40,25,48,100,0,phrase,include,Good relevance and commercial intent; low risk.
Mercedes Van Servicing,Sprinter Servicing,mercedes sprinter service,mercedes sprinter service reset,autocomplete,mercedes sprinter service reset,23,0,36,75,35,negative,exclude_negative,Matched risk phrase: 'service reset'.
Mercedes Van Servicing,Sprinter Servicing,mercedes sprinter service,mercedes sprinter service reset 2013,autocomplete,mercedes sprinter service reset 2013,23,0,36,75,35,negative,exclude_negative,Matched risk phrase: 'service reset'.
Mercedes Van Servicing,Sprinter Servicing,mercedes sprinter service,mercedes sprinter service reset 2017,autocomplete,mercedes sprinter service reset 2017,23,0,36,75,35,negative,exclude_negative,Matched risk phrase: 'service reset'.
Mercedes Van Servicing,Mercedes Van Servicing,mobile sprinter service,Mercedes Sprinter specialist near me,related_searches,mercedes sprinter specialist near me,40,25,48,45,0,phrase,review,Ambiguous relevance or commercial intent; review before adding.
Mercedes Van Servicing,Mercedes Van Servicing,mercedes sprinter service,Mercedes-Benz Online Service Booking Application,organic_title,mercedes-benz online service booking application,16,0,24,35,0,phrase,review,Ambiguous relevance or commercial intent; review before adding.
Mercedes Van Servicing,Sprinter Servicing,mobile sprinter service,Mercedes-Benz Sprinter service,related_searches,mercedes-benz sprinter service,23,0,36,60,0,phrase,review,Ambiguous relevance or commercial intent; review before adding.
Mercedes Van Servicing,Mercedes Van Servicing,mercedes sprinter service,Mercedes-Benz Van Servicing,organic_title,mercedes-benz van servicing,23,0,36,30,0,phrase,review,Ambiguous relevance or commercial intent; review before adding.
Mercedes Van Servicing,Mercedes Van Servicing,mercedes sprinter service,Mercedes-Benz Vans Service Intervals,organic_title,mercedes-benz vans service intervals,23,0,36,45,35,negative,exclude_negative,Matched risk phrase: 'service intervals'.
Mercedes Van Servicing,Mercedes Van Servicing,mobile sprinter service,Mobile Benz Tech,related_searches,mobile benz tech,17,25,12,25,0,phrase,review,Ambiguous relevance or commercial intent; review before adding.
Mercedes Van Servicing,Mercedes Van Servicing,mobile sprinter service,mobile diesel service near me,autocomplete,mobile diesel service near me,41,50,36,60,0,phrase,review,Ambiguous relevance or commercial intent; review before adding.
Mercedes Van Servicing,Mercedes Van Servicing,mobile sprinter service,Mobile Mercedes mechanic near me,related_searches,mobile mercedes mechanic near me,49,50,48,45,0,phrase,review,Ambiguous relevance or commercial intent; review before adding.
Mercedes Van Servicing,Mercedes Van Servicing,mobile sprinter service,mobile service ideas,autocomplete,mobile service ideas,24,25,24,50,0,phrase,review,Ambiguous relevance or commercial intent; review before adding.
Mercedes Van Servicing,Mercedes Van Servicing,mobile sprinter service,mobile sprinter repair,autocomplete,mobile sprinter repair,32,25,36,50,0,phrase,review,Ambiguous relevance or commercial intent; review before adding.
Mercedes Van Servicing,Sprinter Servicing,mobile sprinter service,mobile sprinter service,seed,mobile sprinter service,32,25,36,75,0,phrase,review,Ambiguous relevance or commercial intent; review before adding.
Mercedes Van Servicing,Sprinter Servicing,mobile sprinter service,Mobile sprinter service near me,related_searches,mobile sprinter service near me,49,50,48,85,0,phrase,include,Good relevance and commercial intent; low risk.
Mercedes Van Servicing,Mercedes Van Servicing,mobile sprinter service,Mobile Technician,organic_title,mobile technician,17,25,12,25,0,phrase,review,Ambiguous relevance or commercial intent; review before adding.
Mercedes Van Servicing,Mercedes Van Servicing,mobile sprinter service,Mobile Van Service | Mobile Workshop,organic_title,mobile van service mobile workshop,32,25,36,60,0,phrase,review,Ambiguous relevance or commercial intent; review before adding.
Mercedes Van Servicing,Mercedes Van Servicing,mercedes sprinter service,Official Van Services & Repair,organic_title,official van services repair,23,0,36,20,0,phrase,review,Ambiguous relevance or commercial intent; review before adding.
Mercedes Van Servicing,Mercedes Van Servicing,mobile sprinter service,Paul mobile Mercedes mechanic,related_searches,paul mobile mercedes mechanic,32,25,36,35,0,phrase,review,Ambiguous relevance or commercial intent; review before adding.
Mercedes Van Servicing,Mercedes Van Servicing,mercedes sprinter service,Pay As You Go Servicing & MOTs,organic_title,pay as you go servicing mots,8,0,12,10,0,phrase,review,Ambiguous relevance or commercial intent; review before adding.
Mercedes Van Servicing,Mercedes Van Servicing,mercedes sprinter service,ServiceCare Maintenance Plans | Mercedes-Benz Vans UK,organic_title,servicecare maintenance plans mercedes-benz vans uk,23,0,36,30,0,phrase,review,Ambiguous relevance or commercial intent; review before adding.
Mercedes Van Servicing,Mercedes Van Servicing,mobile sprinter service,Servicing | Mobile Mercedes Mechanic | UK,organic_title,servicing mobile mercedes mechanic uk,40,25,48,45,0,phrase,review,Ambiguous relevance or commercial intent; review before adding.
Mercedes Van Servicing,Sprinter Servicing,sprinter service near me,sprinter car service near me,autocomplete,sprinter car service near me,32,25,36,90,0,phrase,review,Ambiguous relevance or commercial intent; review before adding.
Mercedes Van Servicing,Sprinter Servicing,sprinter service near me,sprinter limo service near me,autocomplete,sprinter limo service near me,32,25,36,90,18,phrase,review,Elevated risk or weak fit; manual review suggested.
Mercedes Van Servicing,Mercedes Van Servicing,sprinter service near me,sprinter maintenance near me,autocomplete,sprinter maintenance near me,24,25,24,65,0,phrase,review,Ambiguous relevance or commercial intent; review before adding.
Mercedes Van Servicing,Mercedes Van Servicing,sprinter service near me,sprinter mechanic near me,autocomplete,sprinter mechanic near me,32,25,36,65,0,phrase,review,Ambiguous relevance or commercial intent; review before adding.
Mercedes Van Servicing,Mercedes Van Servicing,mobile sprinter service,sprinter mobile care,autocomplete,sprinter mobile care,24,25,24,50,0,phrase,review,Ambiguous relevance or commercial intent; review before adding.
Mercedes Van Servicing,Mercedes Van Servicing,mobile sprinter service,sprinter mobile care reviews,autocomplete,sprinter mobile care reviews,24,25,24,50,36,phrase,review,Elevated risk or weak fit; manual review suggested.
Mercedes Van Servicing,Mercedes Van Servicing,mobile sprinter service,sprinter mobile care san diego,autocomplete,sprinter mobile care san diego,24,25,24,50,38,negative,exclude_negative,High negative-risk score or policy/junk signals.
Mercedes Van Servicing,Mercedes Van Servicing,mobile sprinter service,sprinter mobile care san diego reviews,autocomplete,sprinter mobile care san diego reviews,24,25,24,50,74,negative,exclude_negative,High negative-risk score or policy/junk signals.
Mercedes Van Servicing,Sprinter Servicing,mobile sprinter service,sprinter phone service,autocomplete,sprinter phone service,16,0,24,50,0,phrase,review,Ambiguous relevance or commercial intent; review before adding.
Mercedes Van Servicing,Mercedes Van Servicing,sprinter service near me,sprinter repair near me,autocomplete,sprinter repair near me,32,25,36,65,0,phrase,review,Ambiguous relevance or commercial intent; review before adding.
Mercedes Van Servicing,Sprinter Servicing,sprinter service near me,sprinter service center near me,autocomplete,sprinter service center near me,32,25,36,90,0,phrase,review,Ambiguous relevance or commercial intent; review before adding.
Mercedes Van Servicing,Sprinter Servicing,sprinter service near me,sprinter service near kent,related_searches,sprinter service near kent,24,25,24,65,0,phrase,review,Ambiguous relevance or commercial intent; review before adding.
Mercedes Van Servicing,Sprinter Servicing,sprinter service near me,sprinter service near me,seed,sprinter service near me,32,25,36,90,0,phrase,review,Ambiguous relevance or commercial intent; review before adding.
Mercedes Van Servicing,Sprinter Servicing,sprinter service near me,Sprinter service near me prices,related_searches,sprinter service near me prices,32,25,36,90,0,phrase,review,Ambiguous relevance or commercial intent; review before adding.
Mercedes Van Servicing,Sprinter Servicing,sprinter service near me,sprinter van service near me,autocomplete,sprinter van service near me,40,25,48,100,0,phrase,include,Good relevance and commercial intent; low risk.
Mercedes Van Servicing,Sprinter Servicing,sprinter service near me,Used sprinter service near me,related_searches,used sprinter service near me,32,25,36,90,0,phrase,review,Ambiguous relevance or commercial intent; review before adding.
Mercedes Van Servicing,Mercedes Van Servicing,mercedes sprinter service,"Van Maintenance, Inspection & MOT Services",organic_title,van maintenance inspection mot services,23,0,36,20,0,phrase,review,Ambiguous relevance or commercial intent; review before adding.
Mercedes Van Servicing,Sprinter Servicing,mercedes sprinter service,What is included in Mercedes Sprinter Service A?,paa,what is included in mercedes sprinter service a,23,0,36,75,67,negative,exclude_negative,High negative-risk score or policy/junk signals.
Mercedes Van Servicing,Sprinter Servicing,sprinter service near me,What is the difference between Sprinter Service A and B?,paa,what is the difference between sprinter service a and b,16,0,24,50,67,negative,exclude_negative,High negative-risk score or policy/junk signals.
Van Tuning,Van Economy Tune,fuel economy remap van,Best fuel economy remap van,related_searches,best fuel economy remap van,47,0,72,100,0,exact,include,Good relevance and commercial intent; low risk.
Van Tuning,Van Economy Tune,van economy remap,Best van economy remap,related_searches,best van economy remap,36,0,56,99,0,phrase,include,Good relevance and commercial intent; low risk.
Van Tuning,Van Economy Tune,van economy tune,Best van economy tune,related_searches,best van economy tune,36,0,56,99,0,phrase,include,Good relevance and commercial intent; low risk.
Van Tuning,Van Economy Tune,van economy remap,Can an MOT detect a remap?,paa,can an mot detect a remap,8,0,12,25,0,phrase,review,PAA / related question; review or use as negative/FAQ only.
Van Tuning,Van Economy Tune,van economy remap,Disadvantages of remapping a car,related_searches,disadvantages of remapping a car,16,0,24,20,0,phrase,review,Ambiguous relevance or commercial intent; review before adding.
Van Tuning,Van Economy Tune,fuel economy remap van,Does a remap improve fuel economy?,paa,does a remap improve fuel economy,18,0,28,87,0,phrase,review,PAA / related question; review or use as negative/FAQ only.
Van Tuning,Van Economy Tune,van economy tune,Does a tune improve fuel economy?,paa,does a tune improve fuel economy,18,0,28,72,0,phrase,review,PAA / related question; review or use as negative/FAQ only.
Van Tuning,Van Economy Tune,van economy tune,Eco Tuning,organic_title,eco tuning,8,0,12,10,0,phrase,review,Ambiguous relevance or commercial intent; review before adding.
Van Tuning,Van Economy Tune,van economy remap,Economy Remap,organic_title,economy remap,18,0,28,62,0,phrase,review,Ambiguous relevance or commercial intent; review before adding.
Van Tuning,Van Economy Tune,fuel economy remap van,Economy remap near me,related_searches,economy remap near me,35,25,40,62,0,phrase,review,Ambiguous relevance or commercial intent; review before adding.
Van Tuning,Van Economy Tune,van economy tune,Economy remap vs stage 1,related_searches,economy remap vs stage 1,18,0,28,47,0,phrase,review,Ambiguous relevance or commercial intent; review before adding.
Van Tuning,Van Economy Tune,van economy tune,Economy Tuning,organic_title,economy tuning,8,0,12,35,0,phrase,review,Ambiguous relevance or commercial intent; review before adding.
Van Tuning,Van Economy Tune,van economy tune,Fuel Economy,organic_title,fuel economy,10,0,16,47,0,phrase,review,Ambiguous relevance or commercial intent; review before adding.
Van Tuning,Van Economy Tune,fuel economy remap van,fuel economy mapping,autocomplete,fuel economy mapping,10,0,16,62,0,phrase,review,Ambiguous relevance or commercial intent; review before adding.
Van Tuning,Van Economy Tune,fuel economy remap van,fuel economy remap,autocomplete;related_searches,fuel economy remap,39,0,60,100,0,exact,include,Good relevance and commercial intent; low risk.
Van Tuning,Van Economy Tune,fuel economy remap van,fuel economy remap uk,autocomplete,fuel economy remap uk,39,0,60,100,0,exact,include,Good relevance and commercial intent; low risk.
Van Tuning,Van Economy Tune,fuel economy remap van,fuel economy remap van,seed,fuel economy remap van,47,0,72,100,0,exact,include,Good relevance and commercial intent; low risk.
Van Tuning,Van Economy Tune,fuel economy remap van,Fuel economy remap van cost,related_searches,fuel economy remap van cost,47,0,72,100,0,exact,include,Good relevance and commercial intent; low risk.
Van Tuning,Van Economy Tune,van economy tune,Fuel Economy Tune in Derby,organic_title,fuel economy tune in derby,29,0,44,84,0,phrase,include,Good relevance and commercial intent; low risk.
Van Tuning,Van Economy Tune,van economy tune,Get my car tuned,related_searches,get my car tuned,8,0,12,10,0,phrase,review,Ambiguous relevance or commercial intent; review before adding.
Van Tuning,Van Economy Tune,fuel economy remap van,How can I improve a van's fuel economy?,paa,how can i improve a van s fuel economy,18,0,28,87,32,phrase,review,Elevated risk or weak fit; manual review suggested.
Van Tuning,Van Economy Tune,van economy remap,How to increase MPG on a van?,paa,how to increase mpg on a van,8,0,12,25,67,negative,exclude_negative,High negative-risk score or policy/junk signals.
Van Tuning,Van Economy Tune,van economy tune,How to tune a diesel engine for fuel economy?,paa,how to tune a diesel engine for fuel economy,18,0,28,72,67,negative,exclude_negative,High negative-risk score or policy/junk signals.
Van Tuning,Van Economy Tune,van economy remap,Is an economy remap worth it?,paa,is an economy remap worth it,18,0,28,62,67,negative,exclude_negative,High negative-risk score or policy/junk signals.
Van Tuning,Van Economy Tune,van economy remap,Is remapping a van a good idea?,paa,is remapping a van a good idea,16,0,24,35,0,phrase,review,PAA / related question; review or use as negative/FAQ only.
Van Tuning,Van Economy Tune,van economy tune,Quantum tuning remap,related_searches,quantum tuning remap,16,0,24,20,0,phrase,review,Ambiguous relevance or commercial intent; review before adding.
Van Tuning,Van Economy Tune,van economy remap,Remap calculator stage 2,related_searches,remap calculator stage 2,8,0,12,25,35,negative,exclude_negative,Matched risk phrase: 'stage 2'.
Van Tuning,Van Economy Tune,fuel economy remap van,Remap mpg calculator,related_searches,remap mpg calculator,8,0,12,25,0,phrase,review,Ambiguous relevance or commercial intent; review before adding.
Van Tuning,Van Economy Tune,van economy remap,Remap near me,related_searches,remap near me,24,25,24,25,0,phrase,review,Ambiguous relevance or commercial intent; review before adding.
Van Tuning,Van Economy Tune,van economy remap,Remapping A Van,organic_title,remapping a van,16,0,24,35,0,phrase,review,Ambiguous relevance or commercial intent; review before adding.
Van Tuning,Van Economy Tune,fuel economy remap van,Stage 1 remap fuel economy,related_searches,stage 1 remap fuel economy,18,0,28,87,0,phrase,review,Ambiguous relevance or commercial intent; review before adding.
Van Tuning,Van Economy Tune,van economy remap,The courier's guide to engine remapping,organic_title,the courier s guide to engine remapping,8,0,12,10,0,phrase,review,Ambiguous relevance or commercial intent; review before adding.
Van Tuning,Van Economy Tune,van economy remap,van economy remap,seed,van economy remap,36,0,56,99,0,phrase,include,Good relevance and commercial intent; low risk.
Van Tuning,Van Economy Tune,van economy remap,Van economy remap calculator,related_searches,van economy remap calculator,36,0,56,99,0,phrase,include,Good relevance and commercial intent; low risk.
Van Tuning,Van Economy Tune,van economy remap,Van economy remap cost,related_searches,van economy remap cost,36,0,56,99,0,phrase,include,Good relevance and commercial intent; low risk.
Van Tuning,Van Economy Tune,van economy remap,Van economy remap price,related_searches,van economy remap price,36,0,56,99,0,phrase,include,Good relevance and commercial intent; low risk.
Van Tuning,Van Economy Tune,van economy tune,van economy tune,seed,van economy tune,36,0,56,99,0,phrase,include,Good relevance and commercial intent; low risk.
Van Tuning,Van Economy Tune,van economy tune,Van economy tune near me,related_searches,van economy tune near me,53,25,68,99,0,exact,include,Good relevance and commercial intent; low risk.
Van Tuning,Van Economy Tune,van economy remap,Van ECU Remapping,organic_title,van ecu remapping,16,0,24,35,0,phrase,review,Ambiguous relevance or commercial intent; review before adding.
Van Tuning,Van Economy Tune,van economy remap,Van remapping near me,related_searches,van remapping near me,32,25,36,35,0,phrase,review,Ambiguous relevance or commercial intent; review before adding.
Van Tuning,Van Economy Tune,van economy tune,Van Tuning,related_searches,van tuning,16,0,24,35,0,phrase,review,Ambiguous relevance or commercial intent; review before adding.
Van Tuning,Van Economy Tune,van economy remap,Van Tuning & ECU Remapping,organic_title,van tuning ecu remapping,23,0,36,45,0,phrase,review,Ambiguous relevance or commercial intent; review before adding.
Van Tuning,Van Economy Tune,van economy tune,Van Tuning Guide 2025 | Torque & MPG Gains with a Remap,organic_title,van tuning guide 2025 torque mpg gains with a remap,23,0,36,45,0,phrase,review,Ambiguous relevance or commercial intent; review before adding.
Van Tuning,Van Load & Driveability Tune,van economy tune,Van Tuning that delivers driveability,organic_title,van tuning that delivers driveability,16,0,24,45,0,phrase,review,Ambiguous relevance or commercial intent; review before adding.
Van Tuning,Van Economy Tune,van economy tune,What is an economy tune?,paa,what is an economy tune,18,0,28,62,100,negative,exclude_negative,High negative-risk score or policy/junk signals.
Van Tuning,Van Economy Tune,fuel economy remap van,What MPG Gains Will I Get From Remapping,organic_title,what mpg gains will i get from remapping,8,0,12,10,32,phrase,review,Elevated risk or weak fit; manual review suggested.
