campaign_family,ad_group_theme,keyword_candidate,recommended_match_type,notes
Diagnostics & VOR,Standard Diagnosis,Auto Mobile | mobile mechanic | Sittingbourne,phrase,Ambiguous relevance or commercial intent; review before adding.
Diagnostics & VOR,Standard Diagnosis,Book a Car Diagnostic for your Mercedes,phrase,Ambiguous relevance or commercial intent; review before adding.
Diagnostics & VOR,Standard Diagnosis,Book a Car Diagnostic in Maidstone,phrase,Ambiguous relevance or commercial intent; review before adding.
Diagnostics & VOR,Standard Diagnosis,Can Halfords do a diagnostic check?,phrase,PAA / related question; review or use as negative/FAQ only.
Diagnostics & VOR,Standard Diagnosis,Canterbury Mobile Mechanics & Garages,phrase,Ambiguous relevance or commercial intent; review before adding.
Diagnostics & VOR,Standard Diagnosis,cheap vehicle diagnostics near me,phrase,Elevated risk or weak fit; manual review suggested.
Diagnostics & VOR,Standard Diagnosis,Cheapest van diagnostics near me,phrase,Elevated risk or weak fit; manual review suggested.
Diagnostics & VOR,Standard Diagnosis,cheapest vehicle diagnostics near me,phrase,Elevated risk or weak fit; manual review suggested.
Diagnostics & VOR,Standard Diagnosis,Do mobile mechanics charge a call out fee?,phrase,PAA / related question; review or use as negative/FAQ only.
Diagnostics & VOR,Standard Diagnosis,"Expert car diagnostics in Ashford, Kent",phrase,Ambiguous relevance or commercial intent; review before adding.
Diagnostics & VOR,Standard Diagnosis,Is Halfords Mercedes approved?,phrase,PAA / related question; review or use as negative/FAQ only.
Diagnostics & VOR,Standard Diagnosis,Mercanix mobile Mercedes-Benz specialists - 01344 851586,phrase,Ambiguous relevance or commercial intent; review before adding.
Diagnostics & VOR,Standard Diagnosis,Mercedes and Smart Diagnostics,phrase,Ambiguous relevance or commercial intent; review before adding.
Diagnostics & VOR,Standard Diagnosis,Mercedes Ashford,phrase,Ambiguous relevance or commercial intent; review before adding.
Diagnostics & VOR,Standard Diagnosis,mercedes diagnostic centre near me,phrase,Ambiguous relevance or commercial intent; review before adding.
Diagnostics & VOR,Standard Diagnosis,Mercedes diagnostic check cost,phrase,Ambiguous relevance or commercial intent; review before adding.
Diagnostics & VOR,Standard Diagnosis,mercedes diagnostic cost near me,phrase,Ambiguous relevance or commercial intent; review before adding.
Diagnostics & VOR,Standard Diagnosis,Mercedes diagnostic cost UK,phrase,Ambiguous relevance or commercial intent; review before adding.
Diagnostics & VOR,Standard Diagnosis,mercedes diagnostic test near me,phrase,Ambiguous relevance or commercial intent; review before adding.
Diagnostics & VOR,Standard Diagnosis,Mercedes diagnostics in Kent,phrase,Ambiguous relevance or commercial intent; review before adding.
Diagnostics & VOR,Standard Diagnosis,mercedes diagnostics near maidstone,phrase,Ambiguous relevance or commercial intent; review before adding.
Diagnostics & VOR,Standard Diagnosis,Mercedes independent specialist near me,phrase,Ambiguous relevance or commercial intent; review before adding.
Diagnostics & VOR,Standard Diagnosis,Mercedes specialist gravesend,phrase,Ambiguous relevance or commercial intent; review before adding.
Diagnostics & VOR,Standard Diagnosis,Mercedes specialist Kent,phrase,Ambiguous relevance or commercial intent; review before adding.
Diagnostics & VOR,Standard Diagnosis,Mercedes-Benz Authorised Repairer near me,phrase,Ambiguous relevance or commercial intent; review before adding.
Diagnostics & VOR,Standard Diagnosis,Mobile Mechanic Maidstone Kent,phrase,Ambiguous relevance or commercial intent; review before adding.
Diagnostics & VOR,Standard Diagnosis,Mobile mechanic near me,phrase,Ambiguous relevance or commercial intent; review before adding.
Diagnostics & VOR,Standard Diagnosis,Mobile Mercedes mechanic reviews,phrase,Elevated risk or weak fit; manual review suggested.
Diagnostics & VOR,Standard Diagnosis,Mobile Mercedes Mechanic Reviews 116,phrase,Elevated risk or weak fit; manual review suggested.
Diagnostics & VOR,Standard Diagnosis,mobile mercedes star diagnostic,phrase,Ambiguous relevance or commercial intent; review before adding.
Diagnostics & VOR,Standard Diagnosis,Mobile Technician,phrase,Ambiguous relevance or commercial intent; review before adding.
Diagnostics & VOR,Standard Diagnosis,Mobile Van Service | Mobile Workshop,phrase,Ambiguous relevance or commercial intent; review before adding.
Diagnostics & VOR,Standard Diagnosis,Paul mobile Mercedes mechanic,phrase,Ambiguous relevance or commercial intent; review before adding.
Diagnostics & VOR,Standard Diagnosis,Service and Repair,phrase,Ambiguous relevance or commercial intent; review before adding.
Diagnostics & VOR,Standard Diagnosis,van diagnostics near kent,phrase,Ambiguous relevance or commercial intent; review before adding.
Diagnostics & VOR,Standard Diagnosis,vehicle diagnostics near me,phrase,Ambiguous relevance or commercial intent; review before adding.
Diagnostics & VOR,Standard Diagnosis,vehicle diagnostics near me prices,phrase,Ambiguous relevance or commercial intent; review before adding.
Diagnostics & VOR,Standard Diagnosis,vehicle diagnostics near me within 5 mi,phrase,Ambiguous relevance or commercial intent; review before adding.
Diagnostics & VOR,Standard Diagnosis,vehicle electrical diagnostics near me,phrase,Ambiguous relevance or commercial intent; review before adding.
Diagnostics & VOR,Standard Diagnosis,what causes mercedes check engine light,phrase,Elevated risk or weak fit; manual review suggested.
Mercedes Van Servicing,Sprinter Servicing,24 hour mobile sprinter service,phrase,Ambiguous relevance or commercial intent; review before adding.
Mercedes Van Servicing,Sprinter Servicing,dodge sprinter service near me,phrase,Elevated risk or weak fit; manual review suggested.
Mercedes Van Servicing,Mercedes Van Servicing,expert mercedes-benz servicing & repairs in kent,phrase,Ambiguous relevance or commercial intent; review before adding.
Mercedes Van Servicing,Sprinter Servicing,freightliner sprinter service near me,phrase,Elevated risk or weak fit; manual review suggested.
Mercedes Van Servicing,Mercedes Van Servicing,Is service A or B bigger on Mercedes?,phrase,PAA / related question; review or use as negative/FAQ only.
Mercedes Van Servicing,Mercedes Van Servicing,Maidstone Mobile Mechanics & Garages,phrase,Ambiguous relevance or commercial intent; review before adding.
Mercedes Van Servicing,Mercedes Van Servicing,Mercedes 24 hour breakdown number,phrase,Ambiguous relevance or commercial intent; review before adding.
Mercedes Van Servicing,Mercedes Van Servicing,Mercedes approved service near me,phrase,Ambiguous relevance or commercial intent; review before adding.
Mercedes Van Servicing,Mercedes Van Servicing,Mercedes Ashford,phrase,Ambiguous relevance or commercial intent; review before adding.
Mercedes Van Servicing,Mercedes Van Servicing,Mercedes benz Service Maidstone,phrase,Ambiguous relevance or commercial intent; review before adding.
Mercedes Van Servicing,Sprinter Servicing,Mercedes Benz Sprinter Service,phrase,Ambiguous relevance or commercial intent; review before adding.
Mercedes Van Servicing,Mercedes Van Servicing,Mercedes garage near me,phrase,Ambiguous relevance or commercial intent; review before adding.
Mercedes Van Servicing,Mercedes Van Servicing,Mercedes service prices UK,phrase,Ambiguous relevance or commercial intent; review before adding.
Mercedes Van Servicing,Mercedes Van Servicing,Mercedes Servicing,phrase,Ambiguous relevance or commercial intent; review before adding.
Mercedes Van Servicing,Mercedes Van Servicing,Mercedes servicing Tonbridge,phrase,Ambiguous relevance or commercial intent; review before adding.
Mercedes Van Servicing,Mercedes Van Servicing,Mercedes specialist gravesend,phrase,Ambiguous relevance or commercial intent; review before adding.
Mercedes Van Servicing,Sprinter Servicing,mercedes sprinter service,phrase,Ambiguous relevance or commercial intent; review before adding.
Mercedes Van Servicing,Sprinter Servicing,mercedes sprinter service a,phrase,Ambiguous relevance or commercial intent; review before adding.
Mercedes Van Servicing,Sprinter Servicing,Mercedes sprinter service a reset,phrase,Ambiguous relevance or commercial intent; review before adding.
Mercedes Van Servicing,Sprinter Servicing,mercedes sprinter service b,phrase,Ambiguous relevance or commercial intent; review before adding.
Mercedes Van Servicing,Sprinter Servicing,Mercedes Sprinter service B cost,phrase,Ambiguous relevance or commercial intent; review before adding.
Mercedes Van Servicing,Sprinter Servicing,mercedes sprinter service b reset,phrase,Ambiguous relevance or commercial intent; review before adding.
Mercedes Van Servicing,Sprinter Servicing,Mercedes sprinter service cost,phrase,Ambiguous relevance or commercial intent; review before adding.
Mercedes Van Servicing,Sprinter Servicing,Mercedes sprinter service cost uk,phrase,Ambiguous relevance or commercial intent; review before adding.
Mercedes Van Servicing,Mercedes Van Servicing,Mercedes Sprinter specialist near me,phrase,Ambiguous relevance or commercial intent; review before adding.
Mercedes Van Servicing,Mercedes Van Servicing,Mercedes-Benz Online Service Booking Application,phrase,Ambiguous relevance or commercial intent; review before adding.
Mercedes Van Servicing,Sprinter Servicing,Mercedes-Benz Sprinter service,phrase,Ambiguous relevance or commercial intent; review before adding.
Mercedes Van Servicing,Mercedes Van Servicing,Mercedes-Benz Van Servicing,phrase,Ambiguous relevance or commercial intent; review before adding.
Mercedes Van Servicing,Mercedes Van Servicing,Mobile Benz Tech,phrase,Ambiguous relevance or commercial intent; review before adding.
Mercedes Van Servicing,Mercedes Van Servicing,mobile diesel service near me,phrase,Ambiguous relevance or commercial intent; review before adding.
Mercedes Van Servicing,Mercedes Van Servicing,Mobile Mercedes mechanic near me,phrase,Ambiguous relevance or commercial intent; review before adding.
Mercedes Van Servicing,Mercedes Van Servicing,mobile service ideas,phrase,Ambiguous relevance or commercial intent; review before adding.
Mercedes Van Servicing,Mercedes Van Servicing,mobile sprinter repair,phrase,Ambiguous relevance or commercial intent; review before adding.
Mercedes Van Servicing,Sprinter Servicing,mobile sprinter service,phrase,Ambiguous relevance or commercial intent; review before adding.
Mercedes Van Servicing,Mercedes Van Servicing,Mobile Technician,phrase,Ambiguous relevance or commercial intent; review before adding.
Mercedes Van Servicing,Mercedes Van Servicing,Mobile Van Service | Mobile Workshop,phrase,Ambiguous relevance or commercial intent; review before adding.
Mercedes Van Servicing,Mercedes Van Servicing,Official Van Services & Repair,phrase,Ambiguous relevance or commercial intent; review before adding.
Mercedes Van Servicing,Mercedes Van Servicing,Paul mobile Mercedes mechanic,phrase,Ambiguous relevance or commercial intent; review before adding.
Mercedes Van Servicing,Mercedes Van Servicing,Pay As You Go Servicing & MOTs,phrase,Ambiguous relevance or commercial intent; review before adding.
Mercedes Van Servicing,Mercedes Van Servicing,ServiceCare Maintenance Plans | Mercedes-Benz Vans UK,phrase,Ambiguous relevance or commercial intent; review before adding.
Mercedes Van Servicing,Mercedes Van Servicing,Servicing | Mobile Mercedes Mechanic | UK,phrase,Ambiguous relevance or commercial intent; review before adding.
Mercedes Van Servicing,Sprinter Servicing,sprinter car service near me,phrase,Ambiguous relevance or commercial intent; review before adding.
Mercedes Van Servicing,Sprinter Servicing,sprinter limo service near me,phrase,Elevated risk or weak fit; manual review suggested.
Mercedes Van Servicing,Mercedes Van Servicing,sprinter maintenance near me,phrase,Ambiguous relevance or commercial intent; review before adding.
Mercedes Van Servicing,Mercedes Van Servicing,sprinter mechanic near me,phrase,Ambiguous relevance or commercial intent; review before adding.
Mercedes Van Servicing,Mercedes Van Servicing,sprinter mobile care,phrase,Ambiguous relevance or commercial intent; review before adding.
Mercedes Van Servicing,Mercedes Van Servicing,sprinter mobile care reviews,phrase,Elevated risk or weak fit; manual review suggested.
Mercedes Van Servicing,Sprinter Servicing,sprinter phone service,phrase,Ambiguous relevance or commercial intent; review before adding.
Mercedes Van Servicing,Mercedes Van Servicing,sprinter repair near me,phrase,Ambiguous relevance or commercial intent; review before adding.
Mercedes Van Servicing,Sprinter Servicing,sprinter service center near me,phrase,Ambiguous relevance or commercial intent; review before adding.
Mercedes Van Servicing,Sprinter Servicing,sprinter service near kent,phrase,Ambiguous relevance or commercial intent; review before adding.
Mercedes Van Servicing,Sprinter Servicing,sprinter service near me,phrase,Ambiguous relevance or commercial intent; review before adding.
Mercedes Van Servicing,Sprinter Servicing,Sprinter service near me prices,phrase,Ambiguous relevance or commercial intent; review before adding.
Mercedes Van Servicing,Sprinter Servicing,Used sprinter service near me,phrase,Ambiguous relevance or commercial intent; review before adding.
Mercedes Van Servicing,Mercedes Van Servicing,"Van Maintenance, Inspection & MOT Services",phrase,Ambiguous relevance or commercial intent; review before adding.
Van Tuning,Van Economy Tune,Can an MOT detect a remap?,phrase,PAA / related question; review or use as negative/FAQ only.
Van Tuning,Van Economy Tune,Disadvantages of remapping a car,phrase,Ambiguous relevance or commercial intent; review before adding.
Van Tuning,Van Economy Tune,Does a remap improve fuel economy?,phrase,PAA / related question; review or use as negative/FAQ only.
Van Tuning,Van Economy Tune,Does a tune improve fuel economy?,phrase,PAA / related question; review or use as negative/FAQ only.
Van Tuning,Van Economy Tune,Eco Tuning,phrase,Ambiguous relevance or commercial intent; review before adding.
Van Tuning,Van Economy Tune,Economy Remap,phrase,Ambiguous relevance or commercial intent; review before adding.
Van Tuning,Van Economy Tune,Economy remap near me,phrase,Ambiguous relevance or commercial intent; review before adding.
Van Tuning,Van Economy Tune,Economy remap vs stage 1,phrase,Ambiguous relevance or commercial intent; review before adding.
Van Tuning,Van Economy Tune,Economy Tuning,phrase,Ambiguous relevance or commercial intent; review before adding.
Van Tuning,Van Economy Tune,Fuel Economy,phrase,Ambiguous relevance or commercial intent; review before adding.
Van Tuning,Van Economy Tune,fuel economy mapping,phrase,Ambiguous relevance or commercial intent; review before adding.
Van Tuning,Van Economy Tune,Get my car tuned,phrase,Ambiguous relevance or commercial intent; review before adding.
Van Tuning,Van Economy Tune,How can I improve a van's fuel economy?,phrase,Elevated risk or weak fit; manual review suggested.
Van Tuning,Van Economy Tune,Is remapping a van a good idea?,phrase,PAA / related question; review or use as negative/FAQ only.
Van Tuning,Van Economy Tune,Quantum tuning remap,phrase,Ambiguous relevance or commercial intent; review before adding.
Van Tuning,Van Economy Tune,Remap mpg calculator,phrase,Ambiguous relevance or commercial intent; review before adding.
Van Tuning,Van Economy Tune,Remap near me,phrase,Ambiguous relevance or commercial intent; review before adding.
Van Tuning,Van Economy Tune,Remapping A Van,phrase,Ambiguous relevance or commercial intent; review before adding.
Van Tuning,Van Economy Tune,Stage 1 remap fuel economy,phrase,Ambiguous relevance or commercial intent; review before adding.
Van Tuning,Van Economy Tune,The courier's guide to engine remapping,phrase,Ambiguous relevance or commercial intent; review before adding.
Van Tuning,Van Economy Tune,Van ECU Remapping,phrase,Ambiguous relevance or commercial intent; review before adding.
Van Tuning,Van Economy Tune,Van remapping near me,phrase,Ambiguous relevance or commercial intent; review before adding.
Van Tuning,Van Economy Tune,Van Tuning,phrase,Ambiguous relevance or commercial intent; review before adding.
Van Tuning,Van Economy Tune,Van Tuning & ECU Remapping,phrase,Ambiguous relevance or commercial intent; review before adding.
Van Tuning,Van Economy Tune,Van Tuning Guide 2025 | Torque & MPG Gains with a Remap,phrase,Ambiguous relevance or commercial intent; review before adding.
Van Tuning,Van Load & Driveability Tune,Van Tuning that delivers driveability,phrase,Ambiguous relevance or commercial intent; review before adding.
Van Tuning,Van Economy Tune,What MPG Gains Will I Get From Remapping,phrase,Elevated risk or weak fit; manual review suggested.
