seed_keyword,source,raw_text,altered_query,title,description
mobile mercedes diagnostics,brave_suggest,mobile mercedes diagnostics,,,
mobile mercedes diagnostics,brave_suggest,mercedes mobile diagnostics near me,,,
mobile mercedes diagnostics,brave_suggest,mercedes mobile diagnostics huddersfield,,,
mobile mercedes diagnostics,brave_suggest,mercedes mobile diagnostics near london,,,
mobile mercedes diagnostics,brave_suggest,mercedes mobile diagnostics near stratford london,,,
mobile mercedes diagnostics,brave_suggest,mercedes mobile diagnostics near me phone number,,,
mobile mercedes diagnostics,brave_suggest,mercedes mobile diagnostics near me prices,,,
mobile mercedes diagnostics,brave_suggest,mobile mercedes diagnostic near celbridge county kildare,,,
mercedes diagnostics near me,brave_suggest,mercedes diagnostic near me,,,
mercedes diagnostics near me,brave_suggest,mercedes diagnostics near me prices,,,
mercedes diagnostics near me,brave_suggest,mercedes diagnostic near me open now,,,
mercedes diagnostics near me,brave_suggest,mercedes diagnostic near me phone number,,,
mercedes diagnostics near me,brave_suggest,mercedes diagnostics near east kilbride glasgow,,,
mercedes diagnostics near me,brave_suggest,mercedes diagnostic near celbridge county kildare,,,
mercedes diagnostics near me,brave_suggest,mercedes diagnostic near celbridge county kildare opening hours,,,
mercedes diagnostics near me,brave_suggest,mercedes diagnostic near celbridge county kildare phone number,,,
mercedes diagnostics near me,brave_suggest,mercedes diagnostic near celbridge county kildare prices,,,
van diagnostics near me,brave_suggest,van diagnostics near me,,,
van diagnostics near me,brave_suggest,vag diagnostics near me,,,
warning light diagnosis,brave_suggest,warning light diagnosis,,,
pre purchase vehicle check,brave_suggest,pre purchase vehicle check,,,
pre purchase vehicle check,brave_suggest,pre purchase vehicle check near me,,,
pre purchase vehicle check,brave_suggest,pre purchase vehicle check melbourne,,,
pre purchase vehicle check,brave_suggest,pre purchase vehicle check nsw,,,
pre purchase vehicle check,brave_suggest,pre purchase vehicle check qld,,,
pre purchase vehicle check,brave_suggest,pre purchase vehicle check vic,,,
pre purchase vehicle check,brave_suggest,pre purchase vehicle check victoria,,,
pre purchase vehicle check,brave_suggest,pre purchase vehicle check cost,,,
sprinter limp mode,brave_suggest,sprinter limp mode,,,
sprinter limp mode,brave_suggest,sprinter limp mode no codes,,,
sprinter limp mode,brave_suggest,sprinter limp mode reset,,,
sprinter limp mode,brave_suggest,sprinter limp mode bypass,,,
sprinter limp mode,brave_suggest,sprinter limp mode dpf,,,
sprinter limp mode,brave_suggest,sprinter limp mode reddit,,,
sprinter reduced power,brave_suggest,sprinter reduced power,,,
vito limp mode,brave_suggest,vito limp mode,,,
vito limp mode,brave_suggest,vito limp mode no code,,,
vito limp mode,brave_suggest,vito limp mode no code mercedes,,,
vito limp mode,brave_suggest,vito limp mode no code mercedes benz,,,
vito limp mode,brave_suggest,vito limp mode no code reset,,,
vito limp mode,brave_suggest,mercedes vito limp mode reset,,,
vito limp mode,brave_suggest,mercedes vito limp mode causes,,,
adblue warning sprinter,brave_suggest,adblue warning sprinter,,,
adblue warning sprinter,brave_suggest,mercedes sprinter adblue warning light,,,
sprinter adblue countdown,brave_suggest,sprinter adblue countdown,,,
sprinter dpf fault,brave_suggest,sprinter dpf fault,,,
auto diagnostics near me,brave_suggest,auto diagnostics near me,,,
auto diagnostics near me,brave_suggest,auto diagnostic near me prices,,,
auto diagnostics near me,brave_suggest,auto diagnostics near moline il,,,
auto diagnostics near me,brave_suggest,auto diagnostic near me prices auckland,,,
auto diagnostics near me,brave_suggest,auto diagnostic near denver co,,,
vehicle diagnostics near me,brave_suggest,vehicle diagnostics near me,,,
vehicle diagnostics near me,brave_suggest,vehicle diagnostics near me prices,,,
vehicle diagnostics near me,brave_suggest,vehicle diagnostics near me price list,,,
vehicle diagnostics near me,brave_suggest,vehicle diagnostics near manchester,,,
check engine light van,brave_suggest,check engine light vancouver reddit,,,
check engine light van,brave_suggest,check engine light and oil light on at same time,,,
check engine light van,brave_suggest,check engine light and loss of power,,,
check engine light van,brave_suggest,check engine light range rover sport,,,
check engine light van,brave_suggest,check engine light and battery light came on,,,
check engine light van,brave_suggest,check engine light range rover evoque,,,
check engine light van,brave_suggest,check engine light and abs light on,,,
check engine light van,brave_suggest,check engine light and rough idle,,,
check engine light van,brave_suggest,check engine light and battery light came on while driving,,,
check engine light van,brave_suggest,check engine light and gas cap light on ram 1500,,,
warning light van,brave_suggest,warning light van,,,
warning light van,brave_suggest,warning light van fish,,,
warning light van,brave_suggest,warning light van fish ford,,,
warning light van,brave_suggest,warning light anti lock brake,,,
warning light van,brave_suggest,warning light zanussi dishwasher symbols,,,
warning light van,brave_suggest,warning light panel 1988 monte carlo ss,,,
warning light van,brave_suggest,warning light panel monte carlo ss,,,
warning light van,brave_suggest,warning light anti lock brake bmw,,,
warning light van,brave_suggest,warning light anti lock brake ford,,,
warning light van,brave_suggest,warning light anti lock brake mercedes,,,
mobile fault finding,brave_suggest,mobile fault finding,,,
mobile fault finding,brave_suggest,mobile fault finding software free download,,,
mobile fault finding,brave_suggest,mobile fault finding machine,,,
mobile fault finding,brave_suggest,mobile phone fault finding pdf,,,
mobile fault finding,brave_suggest,mobile phone fault finding,,,
mobile auto electrician van,brave_suggest,mobile auto electrician canberra,,,
mobile auto electrician van,brave_suggest,mobile auto electrician mansfield,,,
mobile auto electrician van,brave_suggest,mobile auto electrician manchester,,,
mobile auto electrician van,brave_suggest,mobile auto electrician lancaster,,,
mobile auto electrician van,brave_suggest,mobile auto electrician dandenong,,,
mobile auto electrician van,brave_suggest,mobile auto electrician cannock,,,
mobile auto electrician van,brave_suggest,mobile auto electrician wangara,,,
mobile auto electrician van,brave_suggest,mobile auto electrician manukau,,,
mobile auto electrician van,brave_suggest,mobile auto electrician canning vale,,,
mobile auto electrician van,brave_suggest,mobile auto electrician banbury,,,
van engine management light,brave_suggest,van engine management light,,,
van engine management light,brave_suggest,can engine management light turn itself off,,,
van engine management light,brave_suggest,can engine management light turn itself off while driving,,,
van breakdown diagnosis,brave_suggest,van breakdown diagnosis,,,
same day van diagnostics,brave_suggest,same day van diagnostics,,,
mobile mercedes specialist,brave_suggest,mobile mercedes specialist,,,
mobile mercedes specialist,brave_suggest,mobile mercedes specialist near me,,,
mobile mercedes specialist,brave_suggest,mobile mercedes specialist northampton cost,,,
mobile mercedes specialist,brave_suggest,mobile mercedes specialist northampton,,,
mobile mercedes specialist,brave_suggest,mobile mercedes specialist nottinghamshire,,,
mobile mercedes specialist,brave_suggest,mobile mercedes specialist kent,,,
mobile mercedes specialist,brave_suggest,mobile mercedes specialist leicester,,,
mobile mercedes specialist,brave_suggest,mobile mercedes specialist bristol,,,
mobile mercedes specialist,brave_suggest,mobile mercedes specialist east sussex,,,
mobile mercedes specialist,brave_suggest,mobile mercedes specialist manchester,,,
mercedes sprinter service,brave_suggest,mercedes sprinter service intervals uk,,,
mercedes sprinter service,brave_suggest,mercedes sprinter service cost uk,,,
mercedes sprinter service,brave_suggest,mercedes sprinter service cost,,,
mercedes sprinter service,brave_suggest,mercedes sprinter service near me,,,
mercedes sprinter service,brave_suggest,mercedes sprinter service a cost,,,
mercedes sprinter service,brave_suggest,mercedes sprinter service plan,,,
mercedes sprinter service,brave_suggest,mercedes sprinter service schedule,,,
mercedes sprinter service,brave_suggest,mercedes sprinter service b,,,
mercedes sprinter service,brave_suggest,mercedes sprinter service b cost uk,,,
mercedes sprinter service,brave_suggest,mercedes sprinter service a reset,,,
sprinter service near me,brave_suggest,sprinter service near me,,,
sprinter service near me,brave_suggest,printer service near me,,,
sprinter service near me,brave_suggest,sprinter service near bend or,,,
sprinter service near me,brave_suggest,sprinter service near redmond or,,,
sprinter service near me,brave_suggest,printer service near me open now,,,
sprinter service near me,brave_suggest,sprinter service b near me,,,
sprinter service near me,brave_suggest,sprinter service a near me,,,
sprinter service near me,brave_suggest,printer services near me prices,,,
sprinter service near me,brave_suggest,sprinter services near erlanger ky,,,
sprinter service near me,brave_suggest,printer service near milton keynes,,,
mobile sprinter service,brave_suggest,mobile printer service near me,,,
mobile sprinter service,brave_suggest,mobile printer service and repair near me,,,
mobile sprinter service,brave_suggest,mobile printer service manchester central library,,,
mobile sprinter service,brave_suggest,mobile printer service leeds,,,
mobile sprinter service,brave_suggest,mobile printer service liverpool,,,
mobile sprinter service,brave_suggest,mobile printer service technician near me,,,
mobile sprinter service,brave_suggest,mobile printer service adelaide,,,
mobile sprinter service,brave_suggest,mobile printer service victoria,,,
mobile sprinter service,brave_suggest,mobile printer services east helena,,,
mobile sprinter service,brave_suggest,mobile printer service,,,
sprinter major service,brave_suggest,sprinter major service,,,
mercedes vito service,brave_suggest,mercedes vito service cost,,,
mercedes vito service,brave_suggest,mercedes vito service schedule,,,
mercedes vito service,brave_suggest,mercedes vito service manual pdf,,,
mercedes vito service,brave_suggest,mercedes vito service book pdf free,,,
mercedes vito service,brave_suggest,mercedes vito service intervals diesel,,,
mercedes vito service,brave_suggest,mercedes vito service manual,,,
mercedes vito service,brave_suggest,mercedes vito service book,,,
mercedes vito service,brave_suggest,mercedes vito service cost uk,,,
mercedes vito service,brave_suggest,mercedes vito service schedule pdf,,,
mercedes vito service,brave_suggest,mercedes vito service reset not working,,,
mercedes van service,brave_suggest,mercedes van service,,,
mercedes van service,brave_suggest,mercedes van service near me,,,
mercedes van service,brave_suggest,mercedes van service plan,,,
mercedes van service,brave_suggest,mercedes van service london,,,
mercedes van service,brave_suggest,mercedes van service cost uk,,,
mercedes van service,brave_suggest,mercedes van service cost,,,
mercedes van service,brave_suggest,mercedes van service centre near me,,,
mercedes van service,brave_suggest,mercedes van service prices,,,
mercedes van service,brave_suggest,mercedes van service contact number,,,
mercedes van service,brave_suggest,mercedes vin service history,,,
sprinter brakes,brave_suggest,sprinter brakes,,,
sprinter brakes,brave_suggest,sprinter brakes spongy,,,
sprinter brakes,brave_suggest,sprinter brakes squeak,,,
sprinter brakes,brave_suggest,sprinter brakes spongy replacement,,,
sprinter brakes,brave_suggest,sprinter brakes upgrade,,,
sprinter brakes,brave_suggest,sprinter brakes and rotors,,,
sprinter brakes,brave_suggest,sprinter brakes squeak at low speeds,,,
sprinter brakes,brave_suggest,sprinter brake strobe,,,
sprinter brakes,brave_suggest,sprinter brake sensor,,,
sprinter brakes,brave_suggest,sprinter brake pads,,,
sprinter brake pads,brave_suggest,sprinter brake pads,,,
sprinter brake pads,brave_suggest,sprinter brake pad sensor,,,
sprinter brake pads,brave_suggest,sprinter brake pads light,,,
sprinter brake pads,brave_suggest,sprinter brake pad sensor light,,,
sprinter brake pads,brave_suggest,sprinter brake pads and rotors,,,
sprinter brake pads,brave_suggest,sprinter brake pads light reset,,,
sprinter brake pads,brave_suggest,sprinter brake pad replacement,,,
sprinter brake pads,brave_suggest,sprinter brake pad warning light reset,,,
sprinter brake pads,brave_suggest,sprinter brake pad warning light,,,
sprinter brake pads,brave_suggest,sprinter brake pad warning,,,
vito brakes,brave_suggest,vito brakes,,,
vito brakes,brave_suggest,vito breakers,,,
vito brakes,brave_suggest,vito breakers near me,,,
vito brakes,brave_suggest,vito breakers near brighton,,,
vito brakes,brave_suggest,vito breakers near haywards heath,,,
vito brakes,brave_suggest,vito brake fluid light,,,
vito brakes,brave_suggest,vito brake light wiring,,,
vito brakes,brave_suggest,vito brake light switch wiring,,,
vito brakes,brave_suggest,vito brake light switch,,,
vito brakes,brave_suggest,vito brake leuchtet,,,
mobile van service,brave_suggest,mobile van service,,,
mobile van service,brave_suggest,mobile van service near me,,,
mobile van service,brave_suggest,mobile van service and repair near me,,,
mobile van service,brave_suggest,mobile van service congleton,,,
mobile van service,brave_suggest,mobile van service and mot near prestatyn,,,
mobile van service,brave_suggest,mobile van service halfords,,,
mobile van service,brave_suggest,mobile van service garage near me,,,
mobile van service,brave_suggest,mobile van service garage near midsomer norton,,,
mobile van service,brave_suggest,mobile van service near london,,,
mobile van service,brave_suggest,mobile van servicing near me,,,
van service near me,brave_suggest,van service near me,,,
van service near me,brave_suggest,van service near me prices,,,
van service near me,brave_suggest,fan service near me,,,
van service near me,brave_suggest,vag service near me,,,
van service near me,brave_suggest,van service near egremont,,,
van service near me,brave_suggest,van service near manchester,,,
van service near me,brave_suggest,van service near edinburgh,,,
van service near me,brave_suggest,van service near middlesbrough,,,
van service near me,brave_suggest,van service near kent,,,
van service near me,brave_suggest,van service near maidstone,,,
mercedes specialist service,brave_suggest,mercedes specialist service,,,
mercedes specialist service,brave_suggest,mercedes specialist service near me,,,
mercedes specialist service,brave_suggest,mercedes specialist service cost,,,
mercedes specialist service,brave_suggest,mercedes specialist service near gullane,,,
mercedes specialist service,brave_suggest,mercedes specialist service price,,,
mercedes specialist service,brave_suggest,mercedes specialist service near me cost,,,
mercedes specialist service,brave_suggest,mercedes specialist service cost calculator,,,
mercedes specialist service,brave_suggest,mercedes specialist service cost near london,,,
sprinter brake replacement,brave_suggest,sprinter brake replacement,,,
sprinter brake replacement,brave_suggest,sprinter brake replacement interval,,,
sprinter brake replacement,brave_suggest,sprinter brake pad replacement,,,
sprinter brake replacement,brave_suggest,sprinter brake line replacement,,,
sprinter brake replacement,brave_suggest,sprinter van brake replacement,,,
sprinter brake replacement,brave_suggest,sprinter van brake replacement cost,,,
vito brake replacement,brave_suggest,vito brake replacement,,,
van brakes near me,brave_suggest,van brakes near me,,,
van brakes near me,brave_suggest,van breakers near me,,,
van brakes near me,brave_suggest,van breakers near me open now,,,
van brakes near me,brave_suggest,van brakes near me prices,,,
van brakes near me,brave_suggest,van brakes near leeds,,,
sprinter MOT,brave_suggest,sprinter motoren 2020,,,
sprinter MOT,brave_suggest,sprinter motorhome for sale,,,
sprinter MOT,brave_suggest,sprinter motorhome,,,
sprinter MOT,brave_suggest,sprinter motorcycle carrier,,,
sprinter MOT,brave_suggest,sprinter motorhome air suspension,,,
sprinter MOT,brave_suggest,sprinter moto van for sale,,,
sprinter MOT,brave_suggest,sprinter motoren,,,
sprinter MOT,brave_suggest,sprinter motorized side door,,,
sprinter MOT,brave_suggest,sprinter motor 170 ps probleme,,,
sprinter MOT,brave_suggest,sprinter motorhome autotrader awd,,,
mercedes van MOT,brave_suggest,mercedes van models,,,
mercedes van MOT,brave_suggest,mercedes van mossel,,,
mercedes van MOT,brave_suggest,mercedes van modelle,,,
mercedes van MOT,brave_suggest,mercedes van motus norwich,,,
mercedes van MOT,brave_suggest,mercedes van models list,,,
mercedes van MOT,brave_suggest,mercedes van modelle gebraucht,,,
mercedes van MOT,brave_suggest,mercedes van mossel rotterdam,,,
mercedes van MOT,brave_suggest,mercedes van metris,,,
mercedes van MOT,brave_suggest,mercedes van mossel turnhout,,,
mercedes van MOT,brave_suggest,mercedes van models price,,,
van load tune,brave_suggest,van load tune,,,
commercial van remap,brave_suggest,commercial van remap,,,
sprinter remap,brave_suggest,sprinter remap,,,
sprinter remap,brave_suggest,sprinter remap near me,,,
sprinter remap,brave_suggest,sprinter remapping,,,
sprinter remap,brave_suggest,sprinter remanufactured transmission,,,
sprinter remap,brave_suggest,splinter remake,,,
sprinter remap,brave_suggest,sprinter bremspedal fällt langsam durch,,,
sprinter remap,brave_suggest,printer remains pdf,,,
sprinter remap,brave_suggest,printer reappears after removing,,,
sprinter remap,brave_suggest,sprinter bremspedal sackt durch,,,
sprinter remap,brave_suggest,printer remains offline mac,,,
sprinter van remap,brave_suggest,sprinter van remap,,,
sprinter van remap,brave_suggest,sprinter van premade,,,
sprinter van remap,brave_suggest,sprinter van premade for sale,,,
sprinter van remap,brave_suggest,sprinter van premade kit,,,
sprinter van remap,brave_suggest,sprinter van demand,,,
vito remap,brave_suggest,vito remap,,,
vito remap,brave_suggest,vitre maps,,,
vito remap,brave_suggest,vitor emanuel iii,,,
vito remap,brave_suggest,viator email,,,
vito remap,brave_suggest,viture magnetic connector to usb-c adapter,,,
vito remap,brave_suggest,victor empty leg,,,
vito remap,brave_suggest,vigo rema 1000,,,
vito remap,brave_suggest,viture magnetic adapter,,,
vito remap,brave_suggest,vigo rema,,,
vito remap,brave_suggest,vitor emanuel monumento,,,
vito van remap,brave_suggest,vito van remap,,,
fleet van tuning,brave_suggest,fleet van tuning,,,
mobile van remap,brave_suggest,mobile van remap,,,
mobile van remap,brave_suggest,mobile van remapping near me,,,
sprinter economy remap,brave_suggest,sprinter economy remap,,,
van remap near me,brave_suggest,van remap near me,,,
van remap near me,brave_suggest,vag remap near me,,,
van remap near me,brave_suggest,vag remap near leighton buzzard,,,
van remap near me,brave_suggest,vag remap near milton keynes,,,
van remap near me,brave_suggest,varemar near me,,,
van remap near me,brave_suggest,varemar near me office,,,
van remap near me,brave_suggest,varemar near me reviews,,,
van remap near me,brave_suggest,varemar near me salary,,,
van tuning near me,brave_suggest,van tuning near me,,,
van tuning near me,brave_suggest,vag tuning near me,,,
van tuning near me,brave_suggest,van tuning near ceredigion,,,
van tuning near me,brave_suggest,vag tuning near ceredigion,,,
mobile remap service,brave_suggest,mobile remap service,,,
fuel economy remap,brave_suggest,fuel economy remap,,,
fuel economy remap,brave_suggest,fuel economy remaps pontefract,,,
fuel economy remap,brave_suggest,fuel economy remaps leeds,,,
fuel economy remap,brave_suggest,fuel economy remaps cost,,,
fuel economy remap,brave_suggest,fuel economy remap calculator,,,
fuel economy remap,brave_suggest,fuel economy remap near me,,,
fuel economy remap,brave_suggest,fuel economy remaps pontefract reviews,,,
fuel economy remap,brave_suggest,fuel economy remaps leeds cost,,,
work van remap,brave_suggest,work van remap,,,
commercial van tuning,brave_suggest,commercial van tuning,,,
commercial van tuning,brave_suggest,commercial van turning radius comparison,,,
commercial van tuning,brave_suggest,commercial van turning radius chart,,,
commercial van tuning,brave_suggest,commercial van turning radius comparison toyota sienn,,,
commercial van tuning,brave_suggest,commercial van turning radius chart pdf,,,
sprinter torque tune,brave_suggest,sprinter torque tuned,,,
