Campaign,Ad Group,Negative Keyword,Match Type
Search | Diagnostics & VOR | Kent + SE London,Standard Diagnosis,"""auto diagnostic near denver co""",Phrase
Search | Diagnostics & VOR | Kent + SE London,Standard Diagnosis,"""auto diagnostic near me free""",Phrase
Search | Diagnostics & VOR | Kent + SE London,Standard Diagnosis,"""auto diagnostics near me open now""",Phrase
Search | Diagnostics & VOR | Kent + SE London,Standard Diagnosis,"""car diagnostics near me open now""",Phrase
Search | Diagnostics & VOR | Kent + SE London,Standard Diagnosis,"""Check Engine Light: What It Means & How to Respond""",Phrase
Search | Diagnostics & VOR | Kent + SE London,Standard Diagnosis,"""Compare Prices to Book Your Car Diagnostic Test""",Phrase
Search | Diagnostics & VOR | Kent + SE London,Standard Diagnosis,"""Engine management light reset""",Phrase
Search | Diagnostics & VOR | Kent + SE London,Standard Diagnosis,"""Free auto diagnostics near me""",Phrase
Search | Diagnostics & VOR | Kent + SE London,Standard Diagnosis,"""Free car diagnostic check""",Phrase
Search | Diagnostics & VOR | Kent + SE London,Pre-Purchase Van Check,"""Free pre purchase van check""",Phrase
Search | Diagnostics & VOR | Kent + SE London,Standard Diagnosis,"""Free Repairs Check | Halfords UK""",Phrase
Search | Diagnostics & VOR | Kent + SE London,Standard Diagnosis,"""Free van diagnostics near me""",Phrase
Search | Diagnostics & VOR | Kent + SE London,Standard Diagnosis,"""Free vehicle diagnostics near me""",Phrase
Search | Diagnostics & VOR | Kent + SE London,Standard Diagnosis,"""Halfords free diagnostic check""",Phrase
Search | Diagnostics & VOR | Kent + SE London,Standard Diagnosis,"""How much do Halfords charge for a diagnostic check?""",Phrase
Search | Diagnostics & VOR | Kent + SE London,Standard Diagnosis,"""how much do mercedes charge for a diagnostic test""",Phrase
Search | Diagnostics & VOR | Kent + SE London,Standard Diagnosis,"""How much does a car diagnostic normally cost?""",Phrase
Search | Diagnostics & VOR | Kent + SE London,Standard Diagnosis,"""How much does a no start diagnosis cost?""",Phrase
Search | Diagnostics & VOR | Kent + SE London,Standard Diagnosis,"""How much does an auto electrician get?""",Phrase
Search | Diagnostics & VOR | Kent + SE London,Standard Diagnosis,"""How much does Halfords charge for a diagnostic check?""",Phrase
Search | Diagnostics & VOR | Kent + SE London,Standard Diagnosis,"""How much does it cost to diagnose a Mercedes?""",Phrase
Search | Diagnostics & VOR | Kent + SE London,Standard Diagnosis,"""How much does it cost to have a diagnostic test on your car?""",Phrase
Search | Diagnostics & VOR | Kent + SE London,Standard Diagnosis,"""How much does it cost to run a diagnostic test?""",Phrase
Search | Diagnostics & VOR | Kent + SE London,Standard Diagnosis,"""How much does Mercedes charge for a diagnostic test?""",Phrase
Search | Diagnostics & VOR | Kent + SE London,Standard Diagnosis,"""How much is a diagnostic at Kwik Fit?""",Phrase
Search | Diagnostics & VOR | Kent + SE London,Standard Diagnosis,"""How much is a diagnostic on a van?""",Phrase
Search | Diagnostics & VOR | Kent + SE London,Standard Diagnosis,"""How much should a car diagnostic check cost?""",Phrase
Search | Diagnostics & VOR | Kent + SE London,Standard Diagnosis,"""How much should a diagnostic check cost?""",Phrase
Search | Diagnostics & VOR | Kent + SE London,Standard Diagnosis,"""How much should car diagnostics cost?""",Phrase
Search | Diagnostics & VOR | Kent + SE London,Standard Diagnosis,"""How much to call out an auto electrician?""",Phrase
Search | Diagnostics & VOR | Kent + SE London,Standard Diagnosis,"""How to check a used van before buying?""",Phrase
Search | Diagnostics & VOR | Kent + SE London,Standard Diagnosis,"""How to check a vehicle before you buy it?""",Phrase
Search | Diagnostics & VOR | Kent + SE London,Standard Diagnosis,"""how to check malfunction indicator light""",Phrase
Search | Diagnostics & VOR | Kent + SE London,Standard Diagnosis,"""How to check pre-delivery inspection?""",Phrase
Search | Diagnostics & VOR | Kent + SE London,AdBlue / DPF / NOx,"""how to clean dpf filter mercedes sprinter""",Phrase
Search | Diagnostics & VOR | Kent + SE London,Standard Diagnosis,"""How to diagnose a vehicle that won't start?""",Phrase
Search | Diagnostics & VOR | Kent + SE London,Standard Diagnosis,"""How to diagnosis a vehicle?""",Phrase
Search | Diagnostics & VOR | Kent + SE London,AdBlue / DPF / NOx,"""How to fix AdBlue Mercedes warning?""",Phrase
Search | Diagnostics & VOR | Kent + SE London,Standard Diagnosis,"""How to fix amber engine warning light""",Phrase
Search | Diagnostics & VOR | Kent + SE London,AdBlue / DPF / NOx,"""How to fix DPF problems in Mercedes?""",Phrase
Search | Diagnostics & VOR | Kent + SE London,Standard Diagnosis,"""How to fix phone yourself""",Phrase
Search | Diagnostics & VOR | Kent + SE London,AdBlue / DPF / NOx,"""How to force DPF regeneration Mercedes c Class""",Phrase
Search | Diagnostics & VOR | Kent + SE London,AdBlue / DPF / NOx,"""How to force DPF regeneration Mercedes Sprinter""",Phrase
Search | Diagnostics & VOR | Kent + SE London,Standard Diagnosis,"""how to get a car diagnostic""",Phrase
Search | Diagnostics & VOR | Kent + SE London,Limp Mode / Derate,"""How to get a Mercedes out of limp mode?""",Phrase
Search | Diagnostics & VOR | Kent + SE London,Limp Mode / Derate,"""How to get a Volvo out of limp mode?""",Phrase
Search | Diagnostics & VOR | Kent + SE London,AdBlue / DPF / NOx,"""how to regenerate dpf mercedes sprinter""",Phrase
Search | Diagnostics & VOR | Kent + SE London,Standard Diagnosis,"""How to repair display of Mobile at home""",Phrase
Search | Diagnostics & VOR | Kent + SE London,AdBlue / DPF / NOx,"""How to Reset a Mercedes-Benz AdBlue Warning Light""",Phrase
Search | Diagnostics & VOR | Kent + SE London,AdBlue / DPF / NOx,"""How to reset AdBlue countdown?""",Phrase
Search | Diagnostics & VOR | Kent + SE London,AdBlue / DPF / NOx,"""how to reset adblue warning mercedes sprinter""",Phrase
Search | Diagnostics & VOR | Kent + SE London,Limp Mode / Derate,"""How to reset Mercedes limp mode?""",Phrase
Search | Diagnostics & VOR | Kent + SE London,Standard Diagnosis,"""mercedes diagnostic near me open now""",Phrase
Search | Diagnostics & VOR | Kent + SE London,Standard Diagnosis,"""mercedes diagnostics and repair centre""",Phrase
Search | Diagnostics & VOR | Kent + SE London,Standard Diagnosis,"""Mobile fault finding free""",Phrase
Search | Diagnostics & VOR | Kent + SE London,Standard Diagnosis,"""mobile fault finding software free download""",Phrase
Search | Diagnostics & VOR | Kent + SE London,Standard Diagnosis,"""Phone Repair Help: Learn How to Fix It Yourself.""",Phrase
Search | Diagnostics & VOR | Kent + SE London,Pre-Purchase Van Check,"""Pre purchase vehicle check free""",Phrase
Search | Diagnostics & VOR | Kent + SE London,AdBlue / DPF / NOx,"""sprinter adblue delete""",Phrase
Search | Diagnostics & VOR | Kent + SE London,Standard Diagnosis,"""T1N Sprinter Limp Home Mode, How to Reset Without Stopping!""",Phrase
Search | Diagnostics & VOR | Kent + SE London,Standard Diagnosis,"""Van engine management light reset""",Phrase
Search | Diagnostics & VOR | Kent + SE London,Standard Diagnosis,"""vehicle diagnostics near me open now""",Phrase
Search | Diagnostics & VOR | Kent + SE London,Standard Diagnosis,"""What are the best vans for electricians?""",Phrase
Search | Diagnostics & VOR | Kent + SE London,Standard Diagnosis,"""What is *# 0 *# test on my phone?""",Phrase
Search | Diagnostics & VOR | Kent + SE London,Standard Diagnosis,"""What is a common cause of a no start condition in vehicles?""",Phrase
Search | Diagnostics & VOR | Kent + SE London,Limp Mode / Derate,"""What is limp mode on Mercedes Vito?""",Phrase
Search | Diagnostics & VOR | Kent + SE London,AdBlue / DPF / NOx,"""What is the AdBlue mileage countdown?""",Phrase
Search | Diagnostics & VOR | Kent + SE London,AdBlue / DPF / NOx,"""What is the AdBlue warning light on a Mercedes Sprinter?""",Phrase
Search | Diagnostics & VOR | Kent + SE London,AdBlue / DPF / NOx,"""What is the DPF issue on a sprinter?""",Phrase
Search | Diagnostics & VOR | Kent + SE London,Standard Diagnosis,"""What is the master warning ⚠?""",Phrase
Search | Diagnostics & VOR | Kent + SE London,Limp Mode / Derate,"""What is the most common cause of limp mode?""",Phrase
Search | Diagnostics & VOR | Kent + SE London,Standard Diagnosis,"""What is the most common reason for the check engine light?""",Phrase
Search | Diagnostics & VOR | Kent + SE London,Standard Diagnosis,"""What is the most common reason for the engine management light?""",Phrase
Search | Diagnostics & VOR | Kent + SE London,Standard Diagnosis,"""Why are Mercedes diagnostics so expensive?""",Phrase
Search | Diagnostics & VOR | Kent + SE London,Standard Diagnosis,"""Why is my car cranking but not starting""",Phrase
Search | Diagnostics & VOR | Kent + SE London,Standard Diagnosis,"""Why is my engine light on in my van?""",Phrase
Search | Diagnostics & VOR | Kent + SE London,Standard Diagnosis,"""why is my mercedes sprinter losing power""",Phrase
Search | Diagnostics & VOR | Kent + SE London,Standard Diagnosis,"""Why is my van not starting but has power?""",Phrase
Search | Servicing & Brakes | Kent + SE London,Mercedes Van Servicing,"""How much do brakes cost for a van?""",Phrase
Search | Servicing & Brakes | Kent + SE London,Mercedes Van Servicing,"""How much does a full Mercedes service cost?""",Phrase
Search | Servicing & Brakes | Kent + SE London,Mercedes Van Servicing,"""How much does a van service cost?""",Phrase
Search | Servicing & Brakes | Kent + SE London,Mercedes Van Servicing,"""How much does it cost to replace brake pads on a van?""",Phrase
Search | Servicing & Brakes | Kent + SE London,Mercedes Van Servicing,"""How much does it cost to replace brakes in a Volvo?""",Phrase
Search | Servicing & Brakes | Kent + SE London,Sprinter Servicing,"""How much does it cost to service a Mercedes Sprinter?""",Phrase
Search | Servicing & Brakes | Kent + SE London,Mercedes Van Servicing,"""How much does Mercedes charge for a MOT?""",Phrase
Search | Servicing & Brakes | Kent + SE London,Mercedes Van Servicing,"""How much is a full van service?""",Phrase
Search | Servicing & Brakes | Kent + SE London,Mercedes Van Servicing,"""How much is a mercedes mot""",Phrase
Search | Servicing & Brakes | Kent + SE London,Sprinter Servicing,"""How much is a Mercedes Sprinter service?""",Phrase
Search | Servicing & Brakes | Kent + SE London,Mercedes Van Servicing,"""How much is a mobile mechanic call out fee?""",Phrase
Search | Servicing & Brakes | Kent + SE London,Mercedes Van Servicing,"""How much is a MOT for a Mercedes?""",Phrase
Search | Servicing & Brakes | Kent + SE London,Sprinter Servicing,"""How much is a service on a Mercedes Sprinter?""",Phrase
Search | Servicing & Brakes | Kent + SE London,Sprinter Servicing,"""How much is a service on a Mercedes Sprinter van?""",Phrase
Search | Servicing & Brakes | Kent + SE London,Vito Servicing,"""How much is a service on a Mercedes Vito?""",Phrase
Search | Servicing & Brakes | Kent + SE London,Mercedes Van Servicing,"""How much should a brake job labor cost?""",Phrase
Search | Servicing & Brakes | Kent + SE London,Mercedes Van Servicing,"""How much should a service cost?""",Phrase
Search | Servicing & Brakes | Kent + SE London,Vito Servicing,"""How often do Mercedes Vito vans need service?""",Phrase
Search | Servicing & Brakes | Kent + SE London,Sprinter Servicing,"""How often do you need to service a Mercedes Sprinter van?""",Phrase
Search | Servicing & Brakes | Kent + SE London,Sprinter Servicing,"""how often should a mercedes sprinter be serviced""",Phrase
Search | Servicing & Brakes | Kent + SE London,Sprinter Servicing,"""How often should a Mercedes Sprinter van be serviced?""",Phrase
Search | Servicing & Brakes | Kent + SE London,Vito Servicing,"""How often should a Mercedes Vito be serviced?""",Phrase
Search | Servicing & Brakes | Kent + SE London,Mercedes Van Servicing,"""How often should a van get serviced?""",Phrase
Search | Servicing & Brakes | Kent + SE London,Vito Brakes,"""how to change brake light bulb mercedes vito""",Phrase
Search | Servicing & Brakes | Kent + SE London,Vito Brakes,"""How to change front brake discs on Mercedes Vito W639""",Phrase
Search | Servicing & Brakes | Kent + SE London,Sprinter Servicing,"""how to service a mercedes sprinter""",Phrase
Search | Servicing & Brakes | Kent + SE London,Mercedes Van Servicing,"""Is it cheaper to use a mobile mechanic?""",Phrase
Search | Servicing & Brakes | Kent + SE London,Mercedes Van Servicing,"""mercedes specialist service centre""",Phrase
Search | Servicing & Brakes | Kent + SE London,Mercedes Van Servicing,"""mercedes specialist service cost calculator""",Phrase
Search | Servicing & Brakes | Kent + SE London,Sprinter Servicing,"""mercedes sprinter service intervals""",Phrase
Search | Servicing & Brakes | Kent + SE London,Sprinter Servicing,"""Mercedes Sprinter service intervals uk""",Phrase
Search | Servicing & Brakes | Kent + SE London,Sprinter Servicing,"""mercedes sprinter service kit""",Phrase
Search | Servicing & Brakes | Kent + SE London,Sprinter Servicing,"""mercedes sprinter service light reset""",Phrase
Search | Servicing & Brakes | Kent + SE London,Sprinter Servicing,"""mercedes sprinter service reset""",Phrase
Search | Servicing & Brakes | Kent + SE London,Sprinter Servicing,"""mercedes sprinter service reset 2013""",Phrase
Search | Servicing & Brakes | Kent + SE London,Sprinter Servicing,"""mercedes sprinter service reset 2017""",Phrase
Search | Servicing & Brakes | Kent + SE London,Mercedes Van Servicing,"""mercedes van service center""",Phrase
Search | Servicing & Brakes | Kent + SE London,Mercedes Van Servicing,"""mercedes van service centre""",Phrase
Search | Servicing & Brakes | Kent + SE London,Mercedes Van Servicing,"""mercedes van service centre near me""",Phrase
Search | Servicing & Brakes | Kent + SE London,Vito Servicing,"""mercedes vito service book pdf free""",Phrase
Search | Servicing & Brakes | Kent + SE London,Vito Servicing,"""mercedes vito service intervals""",Phrase
Search | Servicing & Brakes | Kent + SE London,Vito Servicing,"""mercedes vito service intervals diesel""",Phrase
Search | Servicing & Brakes | Kent + SE London,Vito Servicing,"""mercedes vito service kit""",Phrase
Search | Servicing & Brakes | Kent + SE London,Vito Servicing,"""mercedes vito service light reset""",Phrase
Search | Servicing & Brakes | Kent + SE London,Vito Servicing,"""mercedes vito service reset""",Phrase
Search | Servicing & Brakes | Kent + SE London,Vito Servicing,"""mercedes vito service reset 2009""",Phrase
Search | Servicing & Brakes | Kent + SE London,Vito Servicing,"""mercedes vito service reset 2010""",Phrase
Search | Servicing & Brakes | Kent + SE London,Vito Servicing,"""mercedes vito service reset not working""",Phrase
Search | Servicing & Brakes | Kent + SE London,Sprinter Servicing,"""Mercedes-Benz Sprinter Diesel Van Service Intervals""",Phrase
Search | Servicing & Brakes | Kent + SE London,Mercedes Van Servicing,"""printer service near me open now""",Phrase
Search | Servicing & Brakes | Kent + SE London,Mercedes Van Servicing,"""Service Intervals | Mercedes-Benz Vans""",Phrase
Search | Servicing & Brakes | Kent + SE London,Sprinter Brakes,"""sprinter brake job cost""",Phrase
Search | Servicing & Brakes | Kent + SE London,Sprinter Brakes,"""sprinter brake pad warning light reset""",Phrase
Search | Servicing & Brakes | Kent + SE London,Sprinter Brakes,"""sprinter brake pads light reset""",Phrase
Search | Servicing & Brakes | Kent + SE London,Mercedes Van Servicing,"""sprinter mobile care san diego""",Phrase
Search | Servicing & Brakes | Kent + SE London,Mercedes Van Servicing,"""sprinter mobile care san diego reviews""",Phrase
Search | Servicing & Brakes | Kent + SE London,Sprinter Servicing,"""sprinter service center near me""",Phrase
Search | Servicing & Brakes | Kent + SE London,Mercedes Van Servicing,"""van breakers near me open now""",Phrase
Search | Servicing & Brakes | Kent + SE London,Mercedes Van Servicing,"""van service near me open now""",Phrase
Search | Servicing & Brakes | Kent + SE London,Sprinter Servicing,"""What is included in Mercedes Sprinter Service A?""",Phrase
Search | Servicing & Brakes | Kent + SE London,Mercedes Van Servicing,"""What is service A on a Mercedes van?""",Phrase
Search | Servicing & Brakes | Kent + SE London,Mercedes Van Servicing,"""What is the 30 30 30 rule for brakes?""",Phrase
Search | Servicing & Brakes | Kent + SE London,Mercedes Van Servicing,"""What is the average cost of a Mercedes brake job?""",Phrase
Search | Servicing & Brakes | Kent + SE London,Sprinter Servicing,"""What is the difference between Sprinter Service A and B?""",Phrase
Search | Servicing & Brakes | Kent + SE London,Sprinter Servicing,"""What is the service schedule for a Mercedes Sprinter?""",Phrase
Search | Servicing & Brakes | Kent + SE London,Mercedes Van Servicing,"""Why are Mercedes brake pads so expensive?""",Phrase
Search | Servicing & Brakes | Kent + SE London,Mercedes Van Servicing,"""Why are Mercedes brakes so expensive?""",Phrase
Search | Tuning | Commercial Vans | Kent + SE London,Van Economy Tune,"""fuel economy remaps leeds cost""",Phrase
Search | Tuning | Commercial Vans | Kent + SE London,Van Economy Tune,"""How much does a remap usually cost?""",Phrase
Search | Tuning | Commercial Vans | Kent + SE London,Van Economy Tune,"""How much does an economy remap cost?""",Phrase
Search | Tuning | Commercial Vans | Kent + SE London,Van Economy Tune,"""How much does car tuning cost?""",Phrase
Search | Tuning | Commercial Vans | Kent + SE London,Van Economy Tune,"""How much does it cost to get a van remapped?""",Phrase
Search | Tuning | Commercial Vans | Kent + SE London,Van Economy Tune,"""How much does it cost to remap a van?""",Phrase
Search | Tuning | Commercial Vans | Kent + SE London,Van Economy Tune,"""How much horsepower and torque does a Sprinter 3.0 have?""",Phrase
Search | Tuning | Commercial Vans | Kent + SE London,Van Economy Tune,"""How much is a remap on a van?""",Phrase
Search | Tuning | Commercial Vans | Kent + SE London,Van Economy Tune,"""How much is it to remap a van?""",Phrase
Search | Tuning | Commercial Vans | Kent + SE London,Van Economy Tune,"""How to tune a car for better fuel economy?""",Phrase
Search | Tuning | Commercial Vans | Kent + SE London,Van Economy Tune,"""How to tune a diesel engine for fuel economy?""",Phrase
Search | Tuning | Commercial Vans | Kent + SE London,Van Economy Tune,"""Is an economy remap worth it?""",Phrase
Search | Tuning | Commercial Vans | Kent + SE London,Van Economy Tune,"""Is it legal to remap a van?""",Phrase
Search | Tuning | Commercial Vans | Kent + SE London,Van Economy Tune,"""Is it worth remapping a van?""",Phrase
Search | Tuning | Commercial Vans | Kent + SE London,Van Economy Tune,"""Remap calculator stage 2""",Phrase
Search | Tuning | Commercial Vans | Kent + SE London,Van Economy Tune,"""Stage 2 remap""",Phrase
Search | Tuning | Commercial Vans | Kent + SE London,Van Economy Tune,"""Stage 2 remap near me""",Phrase
Search | Tuning | Commercial Vans | Kent + SE London,Van Economy Tune,"""What is an economy tune?""",Phrase
Search | Tuning | Commercial Vans | Kent + SE London,Van Economy Tune,"""what is high mileage for a mercedes sprinter""",Phrase
Search | Tuning | Commercial Vans | Kent + SE London,Van Economy Tune,"""What is the difference between Mercedes Sprinter 907 and 910?""",Phrase
Search | Tuning | Commercial Vans | Kent + SE London,Van Economy Tune,"""What is the most economical van to run?""",Phrase
Search | Tuning | Commercial Vans | Kent + SE London,Van Economy Tune,"""What is the torque on Sprinter bolts?""",Phrase
